job_url,source,title,company,location,description,seniority,tags,raw_source_file
https://www.euroengineerjobs.com/job_display/288447/Senior_Electrical_Engineer_Seat_Integration_Boeing_Hamburg_Germany,euroengineerjobs,Senior Electrical Engineer (Seat Integration),Boeing,"Hamburg, Germany","Work with customers to develop and document complex electronic and electrical system requirements for passenger seats. Define requirements, review and approve qualification data from our suppliers for integration approval of seats into the airframe",,Aerospace Engineer | Electrical Engineer,euroengineer_evp.csv
https://www.euroengineerjobs.com/job_display/287826/Senior_Functionality_Engineer_Electrolux_arw_Poland,euroengineerjobs,Senior Functionality Engineer,Electrolux,"Żarów, Poland","Your responsibilities will include the design of appliance functionality by means of test plans definition and execution with a critical, problem-solving approach, and data analysis and reporting, being focused on deadlines. You will work in an",,Chemical Engineer | Electrical Engineer | Mechanical Engineer,euroengineer_evp.csv
https://www.euroengineerjobs.com/job_display/288657/Senior_Electrical_Engineer_Wood_Group_Reading_United_Kingdom,euroengineerjobs,Senior Electrical Engineer,Wood Group,"Reading, United Kingdom","Assist in the electrical activities of engineering, procurement, and eventual construction (EPC) contractors during the Front-End Engineering Development (FEED) and design phase under the guidance of Principal Engineers and Lead Electrical Engineer.",,Electrical Engineer | Energy Engineer | Hybrid,euroengineer_evp.csv
https://www.euroengineerjobs.com/job_display/288639/Lead_Engineer_Mechanical_Service_Engineering_Baker_Hughes_Bari_Italy,euroengineerjobs,Lead Engineer - Mechanical Service Engineering,Baker Hughes,"Bari, Italy",Performing feasibility study and develop tailored solution for continuous improvement of our fleet trough modifications and upgrade. Feeding inputs to application engineering for their proposals. Technical support to our customer or field rep for site,,Energy Engineer | Mechanical Engineer,euroengineer_evp.csv
https://www.euroengineerjobs.com/job_display/288571/Manufacturing_Engineering_Manager_Cummins_Darlington_United_Kingdom,euroengineerjobs,Manufacturing Engineering - Manager,Cummins,"Darlington, United Kingdom","Lead and oversee departmental operations including budgeting, resource planning, and project management, ensuring alignment with strategic goals. Drive the selection and implementation of integrated manufacturing equipment and systems that enhance",,Industrial Engineer,euroengineer_evp.csv
https://www.euroengineerjobs.com/job_display/288428/Head_of_RD_PowerCo_Valencia_Spain,euroengineerjobs,Head of R&D,PowerCo,"Valencia, Spain","You will play a key role in steering the New Product Introduction (NPI) department, leading the successful industrialization and launch of PowerCo’s next-generation battery cells. You will take ownership of technical leadership, product decision-making,",,Chemical Engineer | Industrial Engineer | Materials Engineer,euroengineer_evp.csv
https://www.euroengineerjobs.com/job_display/288397/EO_Future_Microwave_Payload_Engineer_ESA_European_Space_Agency_Noordwijk_Netherlands,euroengineerjobs,EO Future Microwave Payload Engineer,ESA - European Space Agency,"Noordwijk, Netherlands","You will be responsible for the end-to-end definition, engineering, technology breadboarding and pre-development of microwave payloads for ERS-EO, future EO research missions – e.g. Earth Explorers, Missions of Opportunity and Scout missions – and",,Aerospace Engineer | Electrical Engineer | Electronic Engineer | System Engineer,euroengineer_evp.csv
https://www.euroengineerjobs.com/job_display/288365/Head_of_Engineering_Services_Department_ITER_International_Thermonuclear_Experimental_Reactor_Saint_Paul_lez_Durance_France,euroengineerjobs,Head of Engineering Services Department,ITER - International Thermonuclear Experimental Reactor,"Saint-Paul-lez-Durance, France","In cooperation with other departments, supports the development of the strategy as well as resource forecasting for engineering and assembly activities; Leads the ESD by managing resources to efficiently support achievements of the Project milestones",,Electrical Engineer | Mechanical Engineer | Nuclear,euroengineer_evp.csv
https://www.euroengineerjobs.com/job_display/288308/Project_Manager_High_Voltage_MOSFET_Product_Development_Infineon_Villach_Austria,euroengineerjobs,Project Manager High-Voltage MOSFET Product Development,Infineon,"Villach, Austria","Align and coordinate project requirements across a globally distributed team, spanning Europe, the United States, and Asia-Pacific; Lead product development teams, providing clear direction, assigning work packages, and fostering a motivated and focused",,Automotive Engineer | Electronic Engineer | Energy Engineer | Hybrid,euroengineer_evp.csv
https://www.euroengineerjobs.com/job_display/288181/Senior_Computer_Vision_Engineer_STARK_Defence_Thessaloniki_Greece,euroengineerjobs,Senior Computer Vision Engineer,STARK Defence,"Thessaloniki, Greece","Enhance and scale existing real-time perception capabilities for autonomous military UAVs. You will contribute to the development, optimization, and deployment of computer vision modules within an established architecture and technology stack, improving",,Aerospace Engineer | Computer Engineer | Defence Engineer | Drone Engineer,euroengineer_evp.csv
https://www.euroengineerjobs.com/job_display/288174/Senior_Navigation_Engineer_STARK_Defence_Thessaloniki_Greece,euroengineerjobs,Senior Navigation Engineer,STARK Defence,"Thessaloniki, Greece",Lead the design and deployment of robust GNSS-denied navigation systems for autonomous unmanned platforms operating in contested and degraded environments. You will ensure our systems remain mission-capable even when traditional positioning signals are,,Aerospace Engineer | Computer Engineer | Defence Engineer | Drone Engineer,euroengineer_evp.csv
https://www.euroengineerjobs.com/job_display/288074/Lead_Engineer_Exteriors_Lightyear_Venray_Netherlands,euroengineerjobs,Lead Engineer Exteriors,Lightyear,"Venray, Netherlands","You will be responsible for the mechanical and structural integration of solar technology into the outer “skin” of OEM vehicles, including closures (hood, tailgate), exterior body panels, and supporting structures. You bridge the world of automotive",,Electrical Engineer | Industrial Engineer | Mechanical Engineer | Remote,euroengineer_evp.csv
https://www.euroengineerjobs.com/job_display/288003/Senior_Power_Systems_Engineer_Cyient_Vaasa_or_Pietarsaari_Finland,euroengineerjobs,Senior Power Systems Engineer,Cyient,"Vaasa or Pietarsaari, Finland","This pivotal role involves overseeing technical project management and engineering activities within the Electrical disciplines power system area. As a power system Engineer, you will collaborate with colleagues and customers globally, contributing to",,Electrical Engineer | Energy Engineer | System Engineer,euroengineer_evp.csv
https://www.euroengineerjobs.com/job_display/287956/Senior_Mechanical_Development_Engineer_IDE_Intracom_Defense_Koropi_Greece,euroengineerjobs,Senior Mechanical Development Engineer,IDE - Intracom Defense,"Koropi, Greece","Involve in the development of defense projects encompassing the complete development cycle from system requirements specification, design, analysis, technical data package, prototype development, integration, prototype testing and installation, safety",,Aerospace Engineer | Defence Engineer | Industrial Engineer | Mechanical Engineer,euroengineer_evp.csv
https://www.euroengineerjobs.com/job_display/287878/Senior_Mechatronics_Engineer_ARX_Robotics_Munich_Germany,euroengineerjobs,(Senior) Mechatronics Engineer,ARX Robotics,"Munich, Germany","In this role you'll lead the design, development, and integration of electrical systems for our robots. You will be responsible for component selection, electrical integration of sensors and payloads, as well as developing and testing prototypes to",,Computer Engineer | Defence Engineer | Electrical Engineer | Electronic Engineer,euroengineer_evp.csv
https://www.euroengineerjobs.com/job_display/287811/RD_Engineer_Consumer_Tread_Compounds_Bridgestone_Rome_Italy,euroengineerjobs,R&D Engineer Consumer Tread Compounds,Bridgestone,"Rome, Italy","In this position, she/he will be responsible to manage new Tread compound development programs realizing virtual and physical tire prototypes for performances assessment, leading FMEA preparation and definition/execution of validation plan, promote and",,Chemical Engineer | Hybrid | Industrial Engineer | Materials Engineer,euroengineer_evp.csv
https://www.euroengineerjobs.com/job_display/287776/Principal_Test_Development_Engineer_ADI_Analog_Devices_Limerick_Ireland,euroengineerjobs,Principal Test Development Engineer,ADI - Analog Devices,"Limerick, Ireland","The successful candidate will work closely with an extensive new product development team as part of a multi-Engineer Test team, assuming responsibility for the development of innovative high performance mass production ready",,Electrical Engineer | Electronic Engineer,euroengineer_evp.csv
https://www.euroengineerjobs.com/job_display/287728/Production_Engineering_Manager_Battery_Cell_Tesla_Grnheide_Germany,euroengineerjobs,"Production Engineering Manager, Battery Cell",Tesla,"Grünheide, Germany","In this role, you will lead a team of engineers to design and optimize high-throughput manufacturing systems. You will work closely with operations teams to align technical improvements with production demands, ensuring seamless execution in a fast-paced,",,Industrial Engineer | Mechanical Engineer,euroengineer_evp.csv
https://www.euroengineerjobs.com/job_display/287690/Senior_Staff_Engineer_Advanced_Operations_Biomaterials_Stryker_Carrigtwohill_Ireland,euroengineerjobs,"Senior Staff Engineer, Advanced Operations - Biomaterials",Stryker,"Carrigtwohill, Ireland",Responsible for leading supplier-facing technical projects and industrialization activities in the biomaterials space. This role provides technical leadership across cross-functional teams to deliver robust manufacturing processes and supply readiness,,Biomedical Engineer | Chemical Engineer | Materials Engineer | Mechanical Engineer,euroengineer_evp.csv
https://www.euroengineerjobs.com/job_display/287575/Director_Operations_Engineering_EMEA_PCBA_Manufacturing_Flex_Timisoara_Tczew_or_Budapest_Multiple_Countries,euroengineerjobs,Director Operations Engineering - EMEA - PCBA Manufacturing,Flex,"Timisoara, Tczew or Budapest, Multiple Countries",Be responsible to direct and coordinate activities of personnel engaged in the Manufacturing operations to drive Process development and manage technical relationship with customer to support NPI processes for CEC Global operations.,,Electronic Engineer | Hybrid | Industrial Engineer | Mechanical Engineer,euroengineer_evp.csv
https://www.euroengineerjobs.com/job_display/287496/Engineering_Manager_Wood_Group_Aberdeen_United_Kingdom,euroengineerjobs,Engineering Manager,Wood Group,"Aberdeen, United Kingdom","You will play a pivotal role in bridging the gap between clients, engineering teams and other project functions. Acting as a single point of contact with the client, the Engineering Manager ensures that all design related discussions, technical concerns",,Energy Engineer | Hybrid | Industrial Engineer,euroengineer_evp.csv
https://www.euroengineerjobs.com/job_display/287452/Sr_Compliance_Design_Engineer_Energy_and_Charging_EMEA_Tesla_Freiburg_Germany,euroengineerjobs,"Sr Compliance Design Engineer, Energy and Charging, EMEA",Tesla,"Freiburg, Germany","This role serves as the critical bridge between product design and regulatory compliance. You'll be embedded directly within our Engineering teams, delivering real-time guidance on safety, EMC, interoperability, and performance criteria. You'll define the",,Computer Engineer | Electrical Engineer | Electronic Engineer | Energy Engineer,euroengineer_evp.csv
https://www.euroengineerjobs.com/job_display/287382/Senior_Process_Engineer_Nuclear_Fuel_Manufacturing_Westinghouse_Electric_Company_Vsters_Sweden,euroengineerjobs,Senior Process Engineer - Nuclear Fuel Manufacturing,Westinghouse Electric Company,"Västerås, Sweden","Your main responsibility will be to support and develop our pellet manufacturing operations. Among other things you will support manufacturing processes, contributing to development, improvement, and investment projects; Provide deep technical expertise",,Chemical Engineer | Energy Engineer | Hybrid | Industrial Engineer,euroengineer_evp.csv
https://www.euroengineerjobs.com/job_display/287335/Senior_Electrical_Design_Engineer_Automotive_EV_Traction_Solutions_onsemi_Munich_Germany,euroengineerjobs,Senior Electrical Design Engineer - Automotive EV Traction Solutions,onsemi,"Munich, Germany","You have ownership of the electrical design of the power module. We want you to lead initiatives to consolidate the electrical characteristics of the chip, package and application into physical electrical models that can be holistically analyzed; after",,Automotive Engineer | Computer Engineer | Electrical Engineer | Electronic Engineer,euroengineer_evp.csv
https://www.euroengineerjobs.com/job_display/287314/Structural_Analysis_Engineer_Aircraft_Systems_Boeing_Rzeszw_Poland,euroengineerjobs,Structural Analysis Engineer - Aircraft Systems,Boeing,"Rzeszów, Poland","Perform structural analysis of aircraft systems. Structural analysis includes calculation of loads, static and fatigue analyses; Evaluate structural integrity of aircraft components by way of classical hand calculations; Generate documentation (stress",,Aerospace Engineer | Industrial Engineer | Mechanical Engineer,euroengineer_evp.csv
https://www.euroengineerjobs.com/job_display/287277/Mechanical_Design_Engineer_Cabin_Engineering_Interior_Lighting_Switches_Tesla_Berlin_Germany,euroengineerjobs,"Mechanical Design Engineer - Cabin Engineering, Interior Lighting & Switches",Tesla,"Berlin, Germany","Engineer, develop and execute world-class interior lighting and switch assembly systems that meet styling intent and are compliant to regulatory requirements; Develop novel designs that enable the adoption of new technologies that align with the design",,Industrial Engineer | Mechanical Engineer,euroengineer_evp.csv
https://www.euroengineerjobs.com/job_display/287232/Thermal_Engineering_Manager_Vertiv_Piove_di_Sacco_Italy,euroengineerjobs,Thermal Engineering Manager,Vertiv,"Piove di Sacco, Italy","Responsible in the NPDI process for what concern the engineering deliverable (thermodynamic selection and GRS/rating tool, product cost) in cooperation with Engineering Manager; Operational responsibility for the thermodynamic design and numerical",,Energy Engineer | Industrial Engineer | Mechanical Engineer,euroengineer_evp.csv
https://www.euroengineerjobs.com/job_display/287123/Lead_Power_Systems_Engineer_EMEA_Tesla_Amsterdam_Netherlands,euroengineerjobs,Lead Power Systems Engineer (EMEA),Tesla,"Amsterdam, Netherlands","Develop in-house models and support our energy storage, solar, and electric charging projects. You will be responsible for supporting utility-scale projects in the EMEA region. You will provide strategic inputs in AHJ engagements and represent Tesla as a",,Electrical Engineer | Energy Engineer | System Engineer,euroengineer_evp.csv
https://www.euroengineerjobs.com/job_display/287093/Principal_Mixed_Signal_Design_Engineer_ADI_Analog_Devices_Valencia_or_Munich_Multiple_Countries,euroengineerjobs,Principal Mixed-Signal Design Engineer,ADI - Analog Devices,"Valencia or Munich, Multiple Countries","You will work on the development of ADC, DAC, and/or SerDes PHY subsystems for highly sophisticated mixed-signal system-on-chip (SoC) integrated circuit products using FinFET wafer technologies. Designing challenging transistor-level mixed-signal",,Electrical Engineer,euroengineer_evp.csv
https://www.euroengineerjobs.com/job_display/286940/Senior_Process_Engineer_PSC_Wood_Group_Glasgow_United_Kingdom,euroengineerjobs,Senior Process Engineer - PSC,Wood Group,"Glasgow, United Kingdom","Lead the process design activities on smaller scopes ensuring that design meets contractual, safety and quality requirements and is delivered on time and within assigned budgets. Support the Lead Process Engineer on the delivery of projects. Ensure",,Chemical Engineer | Energy Engineer | Hybrid | Industrial Engineer,euroengineer_evp.csv
https://www.euroengineerjobs.com/job_display/286890/Manufacturing_Engineer_Drive_Unit_and_Battery_Pack_Tesla_Grnheide_Germany,euroengineerjobs,Manufacturing Engineer Drive Unit and Battery Pack,Tesla,"Grünheide, Germany","Design, procure, and fully commission equipment, specifically: stakeholder buy-in, RFQ, vendor selection, decision analysis, project workflow approvals, installation, and commissioning. Considering different projects to be handled in parallel.",,Electrical Engineer | Industrial Engineer | Mechanical Engineer,euroengineer_evp.csv
https://www.euroengineerjobs.com/job_display/286840/Construction_Engineer_F_M_ESRF_European_Synchrotron_Radiation_Facility_Grenoble_France,euroengineerjobs,Construction Engineer F/M,ESRF - European Synchrotron Radiation Facility,"Grenoble, France",Coordination of the feasibility and design studies while managing the tendering process and supervising the construction works; Participation in the selection of the main contractors and subcontractors; Coordination with other ESRF divisions for the,,Electrical Engineer | Industrial Engineer | Mechanical Engineer,euroengineer_evp.csv
https://www.euroengineerjobs.com/job_display/286802/Material_Process_Engineer_f_m_d_Peak_Technology_Holzhausen_Austria,euroengineerjobs,Material & Process Engineer (f/m/d),Peak Technology,"Holzhausen, Austria","You want to actively develop, qualify, and continuously improve materials and manufacturing processes rather than just apply them? You enjoy working at the interface between engineering, manufacturing, and quality, with a clear focus on product quality,",,Aerospace Engineer | Chemical Engineer | Industrial Engineer | Materials Engineer,euroengineer_evp.csv
https://www.euroengineerjobs.com/job_display/286724/Lead_Electronics_Engineer_OPmobility_Krakow_Poland,euroengineerjobs,Lead Electronics Engineer,OPmobility,"Krakow, Poland","Lead and coordinate the electronics development activities from RFQ to SOP, including organizing regular meetings with the electronics team; Create, maintain, and update the electronics development timeline, ensuring alignment with project cost, quality,",,Automotive Engineer | Electrical Engineer | Electronic Engineer | Hybrid,euroengineer_evp.csv
https://www.euroengineerjobs.com/job_display/288660/Senior_Proposal_Engineer_Emerson_Cluj_Napoca_Romania,euroengineerjobs,Senior Proposal Engineer,Emerson,"Cluj-Napoca, Romania",You provide timely and useful information to others across the organization. You build and deliver solutions that meet customer expectations. You persist in accomplishing objectives despite obstacles and setbacks. You follow through on commitments. You partner with others to get work done. Readily solves tough assignments. Monitors progress by maintaining dialogue on work and results. Picks up on situational cues and adjusts in the moment. Takes on the challenge of unfamiliar tasks.,,Electrical Engineer | Electronic Engineer | Hybrid | Telecom Engineer,euroengineer_evp.csv
https://www.euroengineerjobs.com/job_display/288659/Senior_Structural_Engineer_AECOM_Bucharest_Romania,euroengineerjobs,Senior Structural Engineer,AECOM,"Bucharest, Romania","Are you a structural engineer with diverse work experience and a passion for designing projects that will last far into the future? If so, we want you to join our team and use your expertise to help us deliver exceptional designs to our clients from US and Australia for a wide range industrial project. You will have a chance to participate in every step of the process, from initial design to final design stage, and you will be working with a team of experts dedicated to finding the most innovative solutions to challenging project requirements.",,Hybrid | Industrial Engineer,euroengineer_evp.csv
https://www.euroengineerjobs.com/job_display/288656/Senior_Research_Engineer_Electrical_Systems_RTX_Corporation_Cork_Ireland,euroengineerjobs,Senior Research Engineer - Electrical Systems,RTX Corporation,"Cork, Ireland",We’re looking for a Senior Researcher in Electrical Systems to help drive breakthrough technologies for next-generation aircraft.,,Aerospace Engineer | Computer Engineer | Electrical Engineer | Electronic Engineer,euroengineer_evp.csv
https://www.euroengineerjobs.com/job_display/288650/Avionics_Systems_Engineer_Safety_Critical_Systems_Helsing_Munich_Germany,euroengineerjobs,Avionics Systems Engineer - Safety Critical Systems,Helsing,"Munich, Germany","As an Avionics Systems Engineer for Safety Critical Systems, you will be responsible for the development and delivery of safety critical flight control and vehicle management hardware and software, working closely with industry partners. You will be responsible not only for defining the system, but also driving it through all development stages and ultimately onto the flying platform. In achieving this goal you will work with a diverse, high-calibre team of experts, strategists and partners.",,Aerospace Engineer | Defence Engineer | Drone Engineer | Electrical Engineer,euroengineer_evp.csv
https://www.euroengineerjobs.com/job_display/288647/Project_Engineer_Boeing_Frimley_United_Kingdom,euroengineerjobs,Project Engineer,Boeing,"Frimley, United Kingdom","The successful candidate will be an integral part of our modification teams who develop, certify and integrate commercial aircraft modification solutions such as cabin interior changes, IFE upgrades and other changes. The candidate will be working directly with customers while collaborating with BGS global engineering and Programme Management teams across multiple time-zones.",,Aerospace Engineer | Hybrid | Industrial Engineer,euroengineer_evp.csv
https://www.euroengineerjobs.com/job_display/288642/Process_Engineer_Drive_Unit_Battery_Pack_Tesla_Grnheide_Germany,euroengineerjobs,"Process Engineer, Drive Unit/Battery Pack",Tesla,"Grünheide, Germany",Germany Automotive Engineer Electrical Engineer Industrial Engineer Mechanical Engineer On-site Tesla,,Automotive Engineer | Electrical Engineer | Industrial Engineer | Mechanical Engineer,euroengineer_evp.csv
https://www.euroengineerjobs.com/job_display/288640/Development_Engineer_Weir_Group_Venlo_Netherlands,euroengineerjobs,Development Engineer,Weir Group,"Venlo, Netherlands","As a Development Engineer, you’ll be at the forefront of creating new products, enhancing existing designs to drive innovation in groundbreaking development projects in mining technology for a sustainable future. Your role combines creativity with technical expertise, driving research, performing tests, and implementing advanced technologies across specialized areas such as FEA and CFD. If solving complex challenges and turning ideas into reality excites you, this is your opportunity to make an impact!",,Hybrid | Mechanical Engineer,euroengineer_evp.csv
https://www.euroengineerjobs.com/job_display/288634/Senior_Mechanical_Design_Engineer_INETEC_Zagreb_Croatia,euroengineerjobs,Senior Mechanical Design Engineer,INETEC,"Zagreb, Croatia","We are looking for an experienced mechanical engineer to join INETEC’s Research and Development Division. In this role, you will lead the development of advanced robotic systems. If you enjoy solving complex engineering challenges and driving new technologies forward, you’ll feel right at home.",,Electronic Engineer | Mechanical Engineer | Robotics Engineer,euroengineer_evp.csv
https://www.euroengineerjobs.com/job_display/288598/System_Engineer_Valeo_Prague_Czech_Republic,euroengineerjobs,System Engineer,Valeo,"Prague, Czech Republic",The candidate will be responsible for system design and development of radar sensors and their integration into the overall system.,,Automotive Engineer | Electrical Engineer | Hybrid | System Engineer,euroengineer_evp.csv
https://www.euroengineerjobs.com/job_display/288595/Principal_Electrical_Engineer_Wood_Group_Reading_United_Kingdom,euroengineerjobs,Principal Electrical Engineer,Wood Group,"Reading, United Kingdom","As a Principal Electrical Engineer, you will be responsible for Electrical Power System studies and Electrical activities in the design, development, and implementation of electrical systems for Pre FEED, Front-End Engineering Design (FEED) and Engineering, Procurement, and Construction (EPC) projects within the energy sector. You will ensure the work is in accordance with design standards and codes whilst co-ordinating with the rest of the project engineering teams. You'll need to utilise your extensive previous experience in FEED and EPC projects within the Oil & Gas Industry to develop, prepare, review and deliver design deliverables and packages and carry out Power System Studies using speciality software like ETAP or equivalent.",,Electrical Engineer | Energy Engineer | Hybrid,euroengineer_evp.csv
https://www.euroengineerjobs.com/job_display/288588/Senior_Mechanical_Simulation_Engineer_Aptiv_Krakow_Poland,euroengineerjobs,Senior Mechanical Simulation Engineer,Aptiv,"Krakow, Poland","As a Senior Mechanical Simulation Engineer, you will be responsible for performing static and dynamic FEA analyses of various wiring harness components. Typical problems analyzed using FEM methods include mechanical loads such as vibration, sealing, bending, stress, and deformation.",,Automotive Engineer | Hybrid | Mechanical Engineer,euroengineer_evp.csv
https://www.euroengineerjobs.com/job_display/288532/Electrical_Application_Engineer_Baker_Hughes_Florence_Italy,euroengineerjobs,Electrical Application Engineer,Baker Hughes,"Florence, Italy","As an Electrical Application Engineer, you will play a vital role in creating technical solutions that fulfill the needs of our customers. You'll collaborate with cross-functional teams to provide product/scope guidance for new requisitions. You will lead the preparation, management and negotiation of BH technical proposal relevant to Electrical components and systems.",,Electrical Engineer,euroengineer_evp.csv
https://www.euroengineerjobs.com/job_display/288529/Instrumentation_Lead_Engineer_Baker_Hughes_Florence_Italy,euroengineerjobs,Instrumentation Lead Engineer,Baker Hughes,"Florence, Italy","You will be responsible for the Instrumentation design and electrical arrangement for Compressors, Gas/Steam Turbine applications. You will have the opportunity to introduce new technology to enhance company profitability and productivity. You will be responsible for maintaining and incorporating new cost-effective solutions for designs.",,Electrical Engineer | Electronic Engineer | Industrial Engineer,euroengineer_evp.csv
https://www.euroengineerjobs.com/job_display/288519/Algorithm_Design_Engineer_Radar_VeroTech_Leuven_Belgium,euroengineerjobs,Algorithm Design Engineer Radar,VeroTech,"Leuven, Belgium","As an Algorithm Design Engineer Radar you work in the sensor development team to design, develop, and validate the features of our radar processing algorithms. Your work will play an integral part in pushing the boundaries of what's possible in robot automation, focused on object tracking, environmental modelling and sensor fusion.",,Electrical Engineer | Electronic Engineer | Hybrid | Robotics Engineer,euroengineer_evp.csv
https://www.euroengineerjobs.com/job_display/288514/Associate_Manufacturing_Engineer_Plastics_Tesla_Grnheide_Germany,euroengineerjobs,"Associate Manufacturing Engineer, Plastics",Tesla,"Grünheide, Germany","Tesla’s Plastics Manufacturing Engineering team is a diverse, high performing group of engineers that define and execute Tesla’s manufacturing processes for plastic components. As a part of this team, you will be tasked with assessing the current manufacturing capabilities of Tesla plastics processes, developing a manufacturing and capacity strategy for plastic components for current and future product programs, determining the most effective methods to manufacture plastic components, and implementing equipment capacity and capability upgrades. The ideal candidate takes pride in her/his hands-on work, analytical ability, organizational skills and attention to detail. She/He appreciates an environment where superior work is encouraged, noticed and rewarded and where individuals carry tremendous responsibility. She/He looks forward to learning an incredible amount on the job.",,Automotive Engineer | Electronic Engineer | Industrial Engineer | Mechanical Engineer,euroengineer_evp.csv
https://www.euroengineerjobs.com/job_display/288479/Senior_Powerplant_Manager_Wizz_Air_Budapest_Hungary,euroengineerjobs,Senior Powerplant Manager,Wizz Air,"Budapest, Hungary","The Senior Powerplant Manager oversees the technical and operational management of engines and APUs for the Wizz Air fleet. This includes troubleshooting, shop visit coordination, configuration control, and supporting financial and operational processes to ensure cost efficiency and fleet reliability.",,Aerospace Engineer | Industrial Engineer,euroengineer_evp.csv
https://www.euroengineerjobs.com/job_display/288455/Principal_Analog_IC_Design_Engineer_ADI_Analog_Devices_Edinburgh_or_Glasgow_United_Kingdom,euroengineerjobs,Principal Analog IC Design Engineer,ADI - Analog Devices,"Edinburgh or Glasgow, United Kingdom","The successful candidate will join a talented and motivated multi-disciplinary team, working with a global team of innovators to develop new industry-leading IC products for the high-growth data center and energy markets.",,Computer Engineer | Electrical Engineer | Electronic Engineer,euroengineer_evp.csv
https://www.euroengineerjobs.com/job_display/288454/Engineer_Product_Applications_ADI_Analog_Devices_Limerick_Ireland,euroengineerjobs,"Engineer, Product Applications",ADI - Analog Devices,"Limerick, Ireland","The successful candidate will have the unique opportunity to support this essential product function in a wide range of markets which include industrial process control, test instrumentation, health care, aerospace, automotive, communication infrastructure and consumer applications. This role will involve working on all new product development aspects from concept to release stage, including customer support, demonstration system design and testing providing the candidate the ability to touch all elements of the organization.",,Computer Engineer | Electrical Engineer | Electronic Engineer,euroengineer_evp.csv
https://www.euroengineerjobs.com/job_display/288451/Digital_Electronics_Design_Engineer_IDE_Intracom_Defense_Koropi_Greece,euroengineerjobs,Digital Electronics Design Engineer,IDE - Intracom Defense,"Koropi, Greece",Greece Computer Engineer Defence Engineer Electrical Engineer Electronic Engineer On-site IDE - Intracom Defense,,Computer Engineer | Defence Engineer | Electrical Engineer | Electronic Engineer,euroengineer_evp.csv
https://www.euroengineerjobs.com/job_display/288445/Mechanical_Design_Engineer_Chassis_Tesla_Berlin_Germany,euroengineerjobs,"Mechanical Design Engineer, Chassis",Tesla,"Berlin, Germany","The engineer’s responsibilities include design, analysis, sourcing, prototyping, testing, vehicle assembly validation, quality control, engineering documentation, and more. There will be opportunities to learn and improve these skills through experience on the team. The engineer should be able to readily apply mechanical engineering fundamentals to creatively solve problems and learn quickly while managing their projects independently. We are looking for someone who will go beyond the status quo to make the best product in terms of cost, mass, and performance. The engineer should be able to communicate clearly and effectively to both technical and non-technical colleagues. Hands-on experience is a major plus for engineering development work and addressing production issues. Experience with electromechanical systems is a plus. Some travel to suppliers may be required, including international travel.",,Automotive Engineer | Industrial Engineer | Mechanical Engineer,euroengineer_evp.csv
https://www.euroengineerjobs.com/job_display/288436/Compliance_Test_Engineer_Charging_EMEA_Tesla_Freiburg_Germany,euroengineerjobs,"Compliance Test Engineer, Charging EMEA",Tesla,"Freiburg, Germany",Germany Automotive Engineer Computer Engineer Electrical Engineer Electronic Engineer On-site Tesla,,Automotive Engineer | Computer Engineer | Electrical Engineer | Electronic Engineer,euroengineer_evp.csv
https://www.euroengineerjobs.com/job_display/288435/Mechanical_Engineer_Harmattan_AI_Paris_France,euroengineerjobs,Mechanical Engineer,Harmattan AI,"Paris, France",France Aerospace Engineer Defence Engineer Drone Engineer Mechanical Engineer On-site Harmattan AI,,Aerospace Engineer | Defence Engineer | Drone Engineer | Mechanical Engineer,euroengineer_evp.csv
https://www.euroengineerjobs.com/job_display/288433/Senior_Staff_Engineer_GaN_Technology_Development_Infineon_Villach_Austria,euroengineerjobs,Senior Staff Engineer GaN Technology Development,Infineon,"Villach, Austria",Austria Electrical Engineer Electronic Engineer Industrial Engineer On-site Infineon,,Electrical Engineer | Electronic Engineer | Industrial Engineer,euroengineer_evp.csv
https://www.euroengineerjobs.com/job_display/288432/Senior_Manufacturing_Engineer_Electrical_Avionic_Systems_Deutsche_Aircraft_Leipzig_Germany,euroengineerjobs,Senior Manufacturing Engineer - Electrical/Avionic Systems,Deutsche Aircraft,"Leipzig, Germany","The position holder will be supporting the test aircraft production in Oberpfaffenhofen, as well as industrialization for the series final assembly line in Leipzig with the following key tasks:",,Aerospace Engineer | Electrical Engineer | Industrial Engineer | System Engineer,euroengineer_evp.csv
https://www.euroengineerjobs.com/job_display/288431/Senior_Director_Hardware_Engineering_LivaNova_Munich_Germany,euroengineerjobs,Senior Director Hardware Engineering,LivaNova,"Munich, Germany","We are seeking an accomplished Senior Director of Hardware Engineering to lead the design, prototyping, and verification of both electrical and mechanical components and subsystems for our medical device portfolio. This leader will oversee the full lifecycle of hardware engineering activities - from concept through commercialization - ensuring compliance with global regulatory standards, robust design controls, and seamless integration with software and systems teams.",,Biomedical Engineer | Computer Engineer | Electrical Engineer | Electronic Engineer,euroengineer_evp.csv
https://www.euroengineerjobs.com/job_display/288430/Electrolyte_Process_Development_Engineer_BASQUEVOLT_Vitoria_Gasteiz_Spain,euroengineerjobs,Electrolyte Process Development Engineer,BASQUEVOLT,"Vitoria-Gasteiz, Spain","As an Electrolyte Process Development Engineer, you’ll own the transition of liquid electrolyte and polymer electrolyte formulations from lab benches to pilot lines and into industrial production. This is a hands-on, high-impact role for someone who thrives solving problems in real time and is excited to build processes that don’t exist yet.",,Chemical Engineer | Hybrid | Industrial Engineer | Materials Engineer,euroengineer_evp.csv
https://www.euroengineerjobs.com/job_display/288418/Electronics_Engineer_Satellite_Vu_Guildford_United_Kingdom,euroengineerjobs,Electronics Engineer,Satellite Vu,"Guildford, United Kingdom","In this hands-on role, you will be embedded within SSTL’s Optical Imaging Lead and the Imager Electronics team to drive electronics delivery, including analogue/digital hardware enhancements, and test/verification activities through manufacture, AIV and delivery. After the build phase, you will transition into SatVu’s technical team to consolidate design knowledge and help shape future payload electronics strategy as we grow our constellation. While receiving day-to-day technical direction from SSTL’s Optical/Imager Electronics lead on-site, your overall line management will report to SatVu’s Programmes Director.",,Aerospace Engineer | Computer Engineer | Electrical Engineer | Electronic Engineer,euroengineer_evp.csv
https://www.euroengineerjobs.com/job_display/288377/System_Engineer_Radar_Valeo_Prague_Czech_Republic,euroengineerjobs,System Engineer Radar,Valeo,"Prague, Czech Republic",Czech Republic Automotive Engineer Computer Engineer Electronic Engineer On-site Robotics Engineer System Engineer Valeo,,Automotive Engineer | Computer Engineer | Electronic Engineer | Robotics Engineer,euroengineer_evp.csv
https://www.euroengineerjobs.com/job_display/288375/Lead_Electronics_Electrical_Engineer_Baker_Hughes_Nailsea_United_Kingdom,euroengineerjobs,Lead Electronics & Electrical Engineer,Baker Hughes,"Nailsea, United Kingdom","You will be responsible for activities contributing to the design and development of products, solutions and systems. Your activity will be linked to technical improvement of existing products and components.",,Electrical Engineer | Electronic Engineer | Hybrid,euroengineer_evp.csv
https://www.euroengineerjobs.com/job_display/288371/RD_Applied_Researcher_Tire_Noise_Engineer_Bridgestone_Rome_Italy,euroengineerjobs,R&D Applied Researcher - Tire Noise Engineer,Bridgestone,"Rome, Italy","Contribute to the technological and methodological level up in the field of Tire Noise, both Air-Borne and Structure Borne; Contribute to the Technology Roadmaps for new generation products, with Tire and Vehicle Noise as key performances to care, by design insights based and mechanisms understanding, as individual contributor but mostly in cross functional teams.",,Automotive Engineer | Chemical Engineer | Hybrid | Materials Engineer,euroengineer_evp.csv
https://www.euroengineerjobs.com/job_display/288368/Project_Manager_for_Product_Realization_of_Power_MOSFETs_Infineon_Villach_Austria,euroengineerjobs,Project Manager for Product Realization of Power MOSFETs,Infineon,"Villach, Austria","As a Project Manager, you will play a key role in developing new Power MOSFET Devices that contribute to a greener, safer, and easier life for everyone. The products you will work on will have a significant impact on energy efficiency in various industries, including AI servers, smartphones, e-bikes, and solar panels. This role combines project management with technical responsibilities, offering the opportunity to work with an international team to develop and launch products that meet our customers’ expectations.",,Chemical Engineer | Electrical Engineer | Electronic Engineer | Hybrid,euroengineer_evp.csv
https://www.euroengineerjobs.com/job_display/288311/Engineering_Manager_Boeing_Rzeszw_Poland,euroengineerjobs,Engineering Manager,Boeing,"Rzeszów, Poland",The successful candidate will manage a team of Manufacturing Engineers performing technical activities in the area of Production Engineering.,,Aerospace Engineer | Hybrid | Industrial Engineer,euroengineer_evp.csv
https://www.euroengineerjobs.com/job_display/288310/Systems_Engineer_Functional_Integration_ITER_International_Thermonuclear_Experimental_Reactor_Saint_Paul_lez_Durance_France,euroengineerjobs,"Systems Engineer, Functional Integration",ITER - International Thermonuclear Experimental Reactor,"Saint-Paul-lez-Durance, France","The Engineering Services Department (ESD) provides the required skilled engineering resources or services, which are necessary for the successful completion of the ITER Project. FTIC Division provides technical support to the ITER project in the field of design, analysis, and lifecycle management of critical fusion and I&C systems. Being a member of the FTIC Division, you will have the opportunity to share and develop your expertise with other colleagues working in the same discipline on different ITER units.",,Industrial Engineer | Mechanical Engineer | Nuclear | System Engineer,euroengineer_evp.csv
https://www.euroengineerjobs.com/job_display/288309/Lead_Electrical_Engineer_IPS_Industrial_Project_Services_Dublin_or_Cork_Ireland,euroengineerjobs,Lead Electrical Engineer,IPS - Industrial Project Services,"Dublin or Cork, Ireland","In this role, you will assist in planning, designing, and directing electrical engineering projects within the Design Department. Assignments contain specific tasks on project teams, and the Electrical Engineer is expected to use their education, creativity, and expertise to resolve the engineering problems and tasks as assigned.",,Electrical Engineer | Hybrid,euroengineer_evp.csv
https://www.euroengineerjobs.com/job_display/288307/Staff_Engineer_Functional_Verification_Methodology_Infineon_Munich_Germany,euroengineerjobs,Staff Engineer Functional Verification & Methodology,Infineon,"Munich, Germany",Germany Computer Engineer Electrical Engineer Electronic Engineer Hybrid Infineon,,Computer Engineer | Electrical Engineer | Electronic Engineer | Hybrid,euroengineer_evp.csv
https://www.euroengineerjobs.com/job_display/288306/Design_Engineer_Ingersoll_Rand_Waterford_Ireland,euroengineerjobs,Design Engineer,Ingersoll Rand,"Waterford, Ireland","We are seeking a skilled and innovative Design Engineer to join our plastics fabrication workshop. The successful candidate will be responsible for designing components, assemblies, and custom solutions made from a variety of plastic materials. This role requires strong technical design capabilities, hands‑on understanding of fabrication processes, and the ability to collaborate closely with production teams to ensure designs are practical, manufacturable, and cost‑effective.",,Mechanical Engineer,euroengineer_evp.csv
https://www.euroengineerjobs.com/job_display/288300/RD_Manufacturing_Interface_Engineer_ADB_Safegate_Zaventem_Belgium,euroengineerjobs,R&D Manufacturing Interface Engineer,ADB Safegate,"Zaventem, Belgium","The R&D Manufacturing Interface Engineer ensures that new product designs are optimized for manufacturability, cost-efficiency and quality, by closely integrating with both design engineering and supplier partners. This role drives innovation in manufacturing processes, supports supplier selection and onboarding, and champions robust test and traceability systems from concept through production.",,Electrical Engineer | Industrial Engineer | Mechanical Engineer,euroengineer_evp.csv
https://www.euroengineerjobs.com/job_display/288248/Electrical_Engineer_Grundfos_Szkesfehrvr_Hungary,euroengineerjobs,Electrical Engineer,Grundfos,"Székesfehérvár, Hungary","We’re looking for an enthusiastic Electrical Engineer to join our team in Székesfehérvár. In this role, you’ll support both development and production of special control panels for our booster systems by working closely with various engineering teams, product management, sales, and our customers. This is a great opportunity to grow your technical skills and gain hands-on experience in a collaborative, international environment.",,Electrical Engineer | Hybrid,euroengineer_evp.csv
https://www.euroengineerjobs.com/job_display/288245/Manufacturing_Engineer_Electrical_Avionic_Systems_Deutsche_Aircraft_Leipzig_Germany,euroengineerjobs,Manufacturing Engineer - Electrical/Avionic Systems,Deutsche Aircraft,"Leipzig, Germany",Germany Aerospace Engineer Electrical Engineer Industrial Engineer On-site System Engineer Deutsche Aircraft,,Aerospace Engineer | Electrical Engineer | Industrial Engineer | System Engineer,euroengineer_evp.csv
https://www.euroengineerjobs.com/job_display/288243/RD_Engineer_Consumer_OE_Carcass_Technology_Implementation_Bridgestone_Rome_Italy,euroengineerjobs,R&D Engineer Consumer OE Carcass Technology Implementation,Bridgestone,"Rome, Italy",Lead activity in EMEA plants related to new material/ process technologies implementation in mixing & material preparation areas mainly related to carcass materials,,Automotive Engineer | Chemical Engineer | Hybrid | Industrial Engineer,euroengineer_evp.csv
https://www.euroengineerjobs.com/job_display/288241/Piping_Materials_Engineer_Bluewater_Hoofddorp_Netherlands,euroengineerjobs,Piping Materials Engineer,Bluewater,"Hoofddorp, Netherlands","As a Piping Engineer, you are responsible for delivering high-quality engineering output across the full scope of piping work, ensuring alignment with project specifications, budgets, and schedules. You report to the Lead (Project) Engineer, providing updates on progress, challenges, and risks. Timely responses to interdisciplinary reviews, client and vendor queries, and certifying authority requests are essential.",,Chemical Engineer | Materials Engineer | Mechanical Engineer,euroengineer_evp.csv
https://www.euroengineerjobs.com/job_display/288228/AIT_Mechanical_Engineer_SWISSto12_Lausanne_Switzerland,euroengineerjobs,AIT Mechanical Engineer,SWISSto12,"Lausanne, Switzerland","This position is a unique opportunity to play a key role in the mechanical integration of flight hardware and subsystems on a next-generation GEO telecommunications satellite. As an AIT Mechanical Engineer, you will be responsible for the preparation, execution, and continuous improvement of mechanical integration activities, working closely with technicians, system engineers, design office teams and AIT Managers. You will ensure that payload mechanical assemblies are performed to the highest standards of precision, traceability, and cleanliness while supporting troubleshooting and contributing feedback for design and process optimization.",,Aerospace Engineer | Mechanical Engineer,euroengineer_evp.csv
https://www.euroengineerjobs.com/job_display/288188/Defect_Engineering_Manager_ams_OSRAM_Premsttten_Austria,euroengineerjobs,Defect Engineering Manager,ams OSRAM,"Premstätten, Austria",Austria Chemical Engineer Electrical Engineer Hybrid Industrial Engineer ams OSRAM,,Chemical Engineer | Electrical Engineer | Hybrid | Industrial Engineer,euroengineer_evp.csv
https://www.euroengineerjobs.com/job_display/288185/CO_Pipeline_Transport_RT_Project_Lead_TotalEnergies_Stavanger_Norway,euroengineerjobs,CO₂ Pipeline Transport R&T Project Lead,TotalEnergies,"Stavanger, Norway","As the CO₂ Pipeline Transport R&T Project Lead, you will manage research and technology development activities related to CO₂ pipeline transport within the CO₂ Transport & Storage (T&S) program. This strategic position contributes directly to building a full‑chain CCS industry—an essential component of the energy transition.",,Chemical Engineer | Materials Engineer | Mechanical Engineer | Project Manager,euroengineer_evp.csv
https://www.euroengineerjobs.com/job_display/288184/Vehicle_Dynamics_CAE_Engineer_Applus_IDIADA_Tarragona_Spain,euroengineerjobs,Vehicle Dynamics CAE Engineer,Applus+ IDIADA,"Tarragona, Spain","Perform complete vehicle and suspension simulations to provide direction to the chassis development programs, while minimizing the need for physical testing.",,Automotive Engineer | Mechanical Engineer,euroengineer_evp.csv
https://www.euroengineerjobs.com/job_display/288166/BOM_Engineer_Alfa_Laval_Monza_Italy,euroengineerjobs,BOM Engineer,Alfa Laval,"Monza, Italy","You are organized; you can prioritize the essentials and see the whole picture. Since you will be working with a remote team, you have good communication and networking skills, and great cross-cultural awareness. You own a strong mindset and enjoy working with R&D.",,Mechanical Engineer,euroengineer_evp.csv
https://www.euroengineerjobs.com/job_display/288077/Quality_Engineer_Pirelli_Settimo_Torinese_Italy,euroengineerjobs,Quality Engineer,Pirelli,"Settimo Torinese, Italy",Italy Chemical Engineer Industrial Engineer Materials Engineer Mechanical Engineer On-site Pirelli,,Chemical Engineer | Industrial Engineer | Materials Engineer | Mechanical Engineer,euroengineer_evp.csv
https://www.euroengineerjobs.com/job_display/288076/Project_Engineer_Electrical_Systems_RINA_Tallin_Estonia,euroengineerjobs,"Project Engineer, Electrical Systems",RINA,"Tallin, Estonia","The Project Engineer is responsible for the successful technical execution of high-value and complex projects, focusing on maintaining the quality and compliance of all technical deliverables. This role is instrumental in integrating multidisciplinary technical contributions, ensuring that all project requirements are met according to safety and industry standards. The Project Engineer plays a key role within the project team, supervising technical implementation and collaborating closely with other engineers and subcontractors to deliver on client expectations.",,Electrical Engineer | Electronic Engineer,euroengineer_evp.csv
https://www.euroengineerjobs.com/job_display/288071/Technical_Sales_Engineer_Ingersoll_Rand_Alfreton_United_Kingdom,euroengineerjobs,Technical Sales Engineer,Ingersoll Rand,"Alfreton, United Kingdom","You will become an integral part of a friendly and collaborative team of like-minded people, assisting the Sales Department in the preparation of our bids and then contractual requirements for Flare Gas Recovery systems (and other packages) for our international Oil and Gas clients. You will assist with the development of Packaged Ejectors Systems for our clients.",,Chemical Engineer | Industrial Engineer | Mechanical Engineer | Sales and Marketing,euroengineer_evp.csv
https://www.euroengineerjobs.com/job_display/288070/Manufacturing_Engineer_Ingersoll_Rand_Sunderland_United_Kingdom,euroengineerjobs,Manufacturing Engineer,Ingersoll Rand,"Sunderland, United Kingdom","As a Manufacturing Engineer at Haskel, you are expected to provide manufacturing engineering leadership, project management and sustaining engineering expertise to Sunderland or other Specialty Group manufacturing facilities.",,Industrial Engineer | Mechanical Engineer,euroengineer_evp.csv
https://www.euroengineerjobs.com/job_display/288066/Principal_Robotics_Simulation_Engineer_AI_ML_Software_ADI_Analog_Devices_Limerick_or_Dublin_Ireland,euroengineerjobs,"Principal Robotics Simulation Engineer, AI/ML Software",ADI - Analog Devices,"Limerick or Dublin, Ireland","We are seeking a Principal AI/ML Robotics Simulation Engineer to lead the development of high-fidelity simulations and real-world validation workflows for robotic systems, including fixed-arm robots and humanoids. This role combines deep expertise in sensor simulation, mechanical modelling, and AI-driven data workflows to ensure our systems perform reliably in both virtual and physical environments.",,Computer Engineer | Electronic Engineer | Mechanical Engineer | Robotics Engineer,euroengineer_evp.csv
https://www.euroengineerjobs.com/job_display/288061/RF_Design_Engineer_IDE_Intracom_Defense_Koropi_Greece,euroengineerjobs,RF Design Engineer,IDE - Intracom Defense,"Koropi, Greece",Greece Defence Engineer Electrical Engineer Electronic Engineer Hybrid Telecom Engineer IDE - Intracom Defense,,Defence Engineer | Electrical Engineer | Electronic Engineer | Hybrid,euroengineer_evp.csv
https://www.euroengineerjobs.com/job_display/288060/Senior_Electrical_Engineer_II_Axon_Enterprise_Kassel_Germany,euroengineerjobs,Senior Electrical Engineer II,Axon Enterprise,"Kassel, Germany","We build mission-critical counter-UAS hardware to protect airspace worldwide. As a Senior Electrical Engineer in Kassel, you take technical ownership of real hardware - from architecture to lab bring-up to production. You combine deep hands-on engineering with technical leadership, helping shape both our products and the way we build them.",,Computer Engineer | Drone Engineer | Electrical Engineer | Electronic Engineer,euroengineer_evp.csv
https://www.euroengineerjobs.com/job_display/288058/Senior_Mechanical_Engineer_I_Axon_Enterprise_Kassel_Germany,euroengineerjobs,Senior Mechanical Engineer I,Axon Enterprise,"Kassel, Germany","As a Senior Mechanical Engineer, you take technical ownership of mechanical systems and assemblies - from early concept and architecture through prototyping, qualification, and production. You combine hands-on mechanical engineering, strong problem-solving skills, and technical leadership, actively shaping both our products and the way we engineer them.",,Computer Engineer | Drone Engineer | Electronic Engineer | Hybrid,euroengineer_evp.csv
https://www.euroengineerjobs.com/job_display/288019/Fuel_Cell_Mechanical_Engineer_H3_Dynamics_Toulouse_France,euroengineerjobs,Fuel Cell Mechanical Engineer,H3 Dynamics,"Toulouse, France","As part of its ambition to decarbonise air mobility, H3 Dynamics is looking for a Fuel Cell Mechanical Engineer to support the development of the next generation of aerospace fuel cell systems.",,Aerospace Engineer | Chemical Engineer | Industrial Engineer | Materials Engineer,euroengineer_evp.csv
https://www.euroengineerjobs.com/job_display/288017/Systems_Engineer_TEKEVER_Caldas_da_Rainha_Portugal,euroengineerjobs,Systems Engineer,TEKEVER,"Caldas da Rainha, Portugal","We are looking for a Systems Engineer to help develop, maintain, and improve our current network architecture. The team is responsible for guaranteeing connectivity between the UAVs and ground, allowing users to control the UAVs and the payloads onboard.",,Aerospace Engineer | Defence Engineer | Drone Engineer | Electrical Engineer,euroengineer_evp.csv
https://www.euroengineerjobs.com/job_display/288015/Lead_Robotic_Systems_Engineer_D_Orbit_Lomazzo_Italy,euroengineerjobs,Lead Robotic Systems Engineer,D-Orbit,"Lomazzo, Italy","In this position, you'll lead system design, develop advanced controls, oversee integration, and manage key collaborations and subcontractors, driving innovation in challenging space environments.",,Aerospace Engineer | Computer Engineer | Electrical Engineer | Electronic Engineer,euroengineer_evp.csv
https://www.euroengineerjobs.com/job_display/288013/Maintenance_Engineer_Technical_Services_Tesla_Berlin_Germany,euroengineerjobs,"Maintenance Engineer, Technical Services",Tesla,"Berlin, Germany","Join Tesla's mission to accelerate the world's transition to sustainable energy as a Maintenance Engineer at Gigafactory Berlin-Brandenburg. You'll own the reliability of critical equipment systems - such as lifting systems (cranes, elevators, industrial doors and gates) and intralogistics assets (AGVs, dollies, forklifts, trailers, racks) - in our dynamic, high-volume manufacturing environment. This hands-on role offers high visibility and direct impact on production uptime, safety, and efficiency. Collaborate with cross-functional teams, including manufacturing, logistics, EHS, and external partners, to troubleshoot issues, drive innovations, and ensure seamless operations in a fast-paced setting where your technical expertise shapes our global supply chain.",,Automotive Engineer | Electrical Engineer | Electronic Engineer | Industrial Engineer,euroengineer_evp.csv
https://www.euroengineerjobs.com/job_display/288011/Mechanical_Engineer_Machinery_DIS_CREADIS_Krakow_Poland,euroengineerjobs,Mechanical Engineer (Machinery),DIS/CREADIS,"Krakow, Poland","We are seeking a skilled and experienced Mechanical Engineer to join our Machinery and Equipment (EQM) department in Kraków-Zabierzów. This role is ideal for a technically focused individual with expertise in machine design, component selection, and strong collaboration skills. As a Mechanical Engineer, you will be responsible for designing machinery, supporting assembly teams with technical insights, and working closely with safety specialists, automation, and electrical engineers. Experience in intralogistics, packaging, and advanced technologies such as Automated Guided Vehicles (AGVs) would be a strong advantage.",,Mechanical Engineer,euroengineer_evp.csv
https://www.euroengineerjobs.com/job_display/288009/Production_Engineer_Danfoss_Tuchom_Poland,euroengineerjobs,Production Engineer,Danfoss,"Tuchom, Poland","Your role will be essential in ensuring process stability, workplace safety, high product quality, and continuous operational improvement. In addition, you will have a real impact on advancing automation and digitalization within our production environment, working with modern technologies and supporting the implementation of innovative solutions.",,Electrical Engineer | Industrial Engineer | Mechanical Engineer,euroengineer_evp.csv
https://www.euroengineerjobs.com/job_display/288007/Lead_Mechanical_Engineer_Data_Centers_AECOM_Bucharest_Romania,euroengineerjobs,Lead Mechanical Engineer (Data Centers),AECOM,"Bucharest, Romania","AECOM is seeking to hire a highly skilled Mechanical Electrical engineer at Senior level in the Data Center and Mission Critical team for our Bucharest office. The ideal candidate for this position should be familiar with the tech sector, mission critical and data center industry, understanding the requirements of scale, speed, and consistency in data centers. The openings are in the mechanical design engineering field. Responsibilities, required experience, and qualifications are summarized below:",,Electronic Engineer | Energy Engineer | Hybrid | Mechanical Engineer,euroengineer_evp.csv
https://www.euroengineerjobs.com/job_display/288004/Avionics_Systems_Engineer_Communication_Helsing_Munich_Germany,euroengineerjobs,Avionics Systems Engineer - Communication,Helsing,"Munich, Germany","As an Avionics Systems Engineer for communication, you will be responsible for defining the end-to-end architecture for airborne communication systems, spanning data, voice and mission critical data links. You will collaborate with industry partners and work closely with platform teams to integrate emerging technology onto air platforms. In this role you will engage with a diverse range of partners, suppliers and government stakeholders to align on standards and interoperability.",,Aerospace Engineer | Defence Engineer | Drone Engineer | Electrical Engineer,euroengineer_evp.csv
https://www.euroengineerjobs.com/job_display/287949/Electrical_Engineer_Hardware_Design_Danfoss_Povazska_Bystrica_Slovakia,euroengineerjobs,Electrical Engineer - Hardware Design,Danfoss,"Povazska Bystrica, Slovakia",Slovakia Computer Engineer Electrical Engineer Electronic Engineer On-site Danfoss,,Computer Engineer | Electrical Engineer | Electronic Engineer,euroengineer_evp.csv
https://www.euroengineerjobs.com/job_display/287945/Senior_Test_Capability_Engineer_Ceres_Power_Horsham_United_Kingdom,euroengineerjobs,Senior Test Capability Engineer,Ceres Power,"Horsham, United Kingdom","Key responsibilities include supporting the Test Capability Manager in delivering a robust, scalable, and cost‑effective test stand fleet, contributing to design and development activities in line with performance objectives, regulatory requirements, and relevant standards; assessing the feasibility of new capability requests, performing analytical work to validate performance and reliability across all operating conditions, and producing detailed design documentation such as P&IDs, electrical, and technical drawings. Safety will remain the foremost consideration in all design and implementation activities. The role also requires providing strong technical leadership through peer reviews, mentoring junior engineers, failure mode analyses, fault‑finding, and driving improvement initiatives to maximise test stand availability. In addition, the role will support scheduling, work package planning, commissioning, maintenance planning, and provide clear, regular updates to test management and project teams to ensure delivery against agreed timescales.",,Electrical Engineer | Electronic Engineer | Industrial Engineer | Mechanical Engineer,euroengineer_evp.csv
https://www.euroengineerjobs.com/job_display/287943/Process_Engineer_Bekaert_Group_Negoieti_Romania,euroengineerjobs,Process Engineer,Bekaert Group,"Negoiești, Romania","Are you passionate about optimizing manufacturing processes and driving continuous improvement? Do you enjoy transforming ideas into efficient, robust, and scalable production solutions? If so, we’d like to meet you. As a Process Engineer, you will play a key role in designing, developing, and improving manufacturing processes that ensure performance, quality, and cost efficiency. You will collaborate closely with cross-functional teams and contribute directly to operational excellence and successful product industrialization.",,Electrical Engineer | Industrial Engineer | Mechanical Engineer,euroengineer_evp.csv
https://www.euroengineerjobs.com/job_display/287942/Engineering_Project_Leader_Aptiv_Unterschleissheim_Germany,euroengineerjobs,Engineering Project Leader,Aptiv,"Unterschleissheim, Germany","As an Engineering Project Lead at Aptiv Munich, you will steer the technical direction of complex ADAS and Autonomous Driving control module projects. In this high‑impact role, you will lead global cross‑functional engineering teams, manage system, hardware, software and integration activities, and act as the key technical interface for our OEM customers. You will ensure disciplined execution across PDP, drive technical risk management, oversee design and peer reviews, and guide teams through critical milestones. If you thrive at the intersection of technical leadership, system engineering excellence, and customer collaboration, this role gives you the opportunity to shape the next generation of safe, intelligent mobility.",,Automotive Engineer | Electronic Engineer | Project Manager | System Engineer,euroengineer_evp.csv
https://www.euroengineerjobs.com/job_display/287941/NTI_Prototyping_Engineer_Aptiv_Krakow_Poland,euroengineerjobs,NTI Prototyping Engineer,Aptiv,"Krakow, Poland","We are looking for a motivated engineer with a strong passion for 3D technologies to support the development and maintenance of our prototyping laboratory. We seek a creative, problem-solving individual who takes initiative and contributes to enhancing the technological solutions available in the lab. We expect the candidate’s engagement to help expand the prototyping capabilities of our Development Center, enabling us to meet the evolving needs of our customers.",,Automotive Engineer | Electrical Engineer | Hybrid | Industrial Engineer,euroengineer_evp.csv
https://www.euroengineerjobs.com/job_display/287934/Electric_Motors_Engineer_Embention_Alicante_Spain,euroengineerjobs,Electric Motors Engineer,Embention,"Alicante, Spain","Our goal is to design electric motors for aircraft with high power-to-weight ratio, using axial flux topology and mixed metal-composites manufacturing.",,Aerospace Engineer | Drone Engineer | Electrical Engineer | Electronic Engineer,euroengineer_evp.csv
https://www.euroengineerjobs.com/job_display/287894/Development_Engineer_III_Garrett_Motion_Brno_Czech_Republic,euroengineerjobs,Development Engineer III,Garrett Motion,"Brno, Czech Republic","The Development Engineer for Mobile and Industrial technologies is responsible for development of E-cooling compressor to improve the overall thermal management on current and future generations of Mobile and Industrial platforms. The responsibilities are a combination of product design ownership, product definition and road mapping. Further, customer engineering, baseline management, risk assessment as well as optimization of product process belong to his assignments as part of cross-functional collaboration with talented and passionate colleagues who share enthusiasm for technical excellence and innovation.",,Automotive Engineer | Hybrid | Industrial Engineer | Mechanical Engineer,euroengineer_evp.csv
https://www.euroengineerjobs.com/job_display/287891/Project_Manager_Vertiv_Zagreb_Croatia,euroengineerjobs,Project Manager,Vertiv,"Zagreb, Croatia","As Project Manager in the Product Design & Engineering team you will drive product development activities for infrastructure solutions including LV/MV power distribution, UPS systems, energy storage, prefabricated power modules, and integrated cooling architectures. Acting as the technical coordination point, the role translates system requirements into executable project plans, controls technical changes, manages dependencies, and ensures compliance with performance, safety, and quality standards. The Project Manager provides clear technical and programmatic visibility to stakeholders while ensuring predictable delivery of scalable, highavailability data center infrastructure.",,Electrical Engineer | Mechanical Engineer | Project Manager,euroengineer_evp.csv
https://www.euroengineerjobs.com/job_display/287884/Engineering_Specialist_Materials_Science_and_Engineering_Baker_Hughes_Stavanger_Norway,euroengineerjobs,Engineering Specialist - Materials Science and Engineering,Baker Hughes,"Stavanger, Norway",Norway Chemical Engineer Hybrid Industrial Engineer Materials Engineer Baker Hughes,,Chemical Engineer | Hybrid | Industrial Engineer | Materials Engineer,euroengineer_evp.csv
https://www.euroengineerjobs.com/job_display/287881/Manufacturing_Equipment_Engineer_Electrical_Focus_Tesla_Tilburg_Netherlands,euroengineerjobs,Manufacturing Equipment Engineer (Electrical Focus),Tesla,"Tilburg, Netherlands","Your mission is to ensure the performance and reliability of complex electrical systems. You will lead the design of test and control systems, manage power distribution for production equipment, and drive continuous improvement through advanced automation. This role is a blend of high-level electrical design and hands-on commissioning in a fast-paced environment.",,Computer Engineer | Electrical Engineer | Electronic Engineer | Industrial Engineer,euroengineer_evp.csv
https://www.euroengineerjobs.com/job_display/287880/Project_Engineer_BESS_Tesla_Amsterdam_Netherlands,euroengineerjobs,Project Engineer - BESS,Tesla,"Amsterdam, Netherlands","Project Engineers are also a key link between Tesla products/projects in the region and the engineering and manufacturing teams based in the United States. It is vital to have the skills to work on a wide range of engineering issues involving a great variety of stakeholders, whilst operating with a high degree of self-sufficiency. Experience with engineering project deployment and a degree of practical experience is also highly beneficial. Besides a rock-solid work ethic and a strong team-oriented personality, members of our team display creativity, great problem-solving skills, genuine passion for the mission, and a drive to break new ground in a constantly evolving technological environment.",,Electrical Engineer | Electronic Engineer | Energy Engineer | Industrial Engineer,euroengineer_evp.csv
https://www.euroengineerjobs.com/job_display/287874/Simulation_Engineer_Embention_Alicante_Spain,euroengineerjobs,Simulation Engineer,Embention,"Alicante, Spain","Develop and optimize a high-fidelity simulation environment in Simulink/MATLAB, ensuring accurate vehicle dynamics modeling and seamless integration with the simulation model of Veronte for UAV and eVTOL applications.",,Aerospace Engineer | Drone Engineer | Electronic Engineer | Mechanical Engineer,euroengineer_evp.csv
https://www.euroengineerjobs.com/job_display/287838/Mechanical_Engineer_Asset_Management_Support_Jan_de_Nul_Aalst_Belgium,euroengineerjobs,Mechanical Engineer - Asset Management Support,Jan de Nul,"Aalst, Belgium","As a a Mechanical Engineer you will support our Asset Management Team in maintaining and optimizing mechanical asset data for dredging and offshore vessels + equipment. This office-based role focuses on main drive systems, including diesel engines, gearboxes, and propulsion units, with a strong emphasis on understanding how these systems work and identifying their components.",,Mechanical Engineer,euroengineer_evp.csv
https://www.euroengineerjobs.com/job_display/287835/SMT_TEST_Engineer_Huf_Group_Tondela_Portugal,euroengineerjobs,SMT TEST Engineer,Huf Group,"Tondela, Portugal","SMT Test Engineers are responsible for introducing, maintaining, and optimizing test and inspection equipment in production. They ensure that all machinery and processes meet quality, efficiency, and traceability standards, while supporting continuous improvement initiatives.",,Automotive Engineer | Electronic Engineer,euroengineer_evp.csv
https://www.euroengineerjobs.com/job_display/287830/Design_Engineer_Electronics_Helsing_Munich_Germany,euroengineerjobs,Design Engineer - Electronics,Helsing,"Munich, Germany","As a Design Engineer focused on Electronics, you will create innovative concepts for the mechanical integration of electronic boards, connectors, and harnesses, ensuring their proper form, fit, and function. Your expertise will be vital in realising robust, scalable, and cost-effective solutions that enhance the performance of Helsing's systems, directly supporting our mission to provide advanced defence capabilities.",,Defence Engineer | Drone Engineer | Electrical Engineer | Electronic Engineer,euroengineer_evp.csv
https://www.euroengineerjobs.com/job_display/287827/Aero_Production_Engineer_Haas_F1_Team_Maranello_Italy,euroengineerjobs,Aero Production Engineer,Haas F1 Team,"Maranello, Italy","This position reports to the Head of Aero Operations or their designee; is located in Maranello, Italy. Responsible for the planning, coordination, and oversight of production activities outsourced to suppliers, ensuring full adherence to timelines driven by wind‑tunnel sessions and aerodynamic development objectives.",,Automotive Engineer | Industrial Engineer | Mechanical Engineer,euroengineer_evp.csv
https://www.euroengineerjobs.com/job_display/287819/Senior_Project_Manager_Power_Modules_Development_Flex_Kalmar_Sweden,euroengineerjobs,Senior Project Manager - Power Modules Development,Flex,"Kalmar, Sweden","The Senior Project Manager within Flex Power Modules are responsible for managing hardware and software development projects in Kalmar including managing production process development, NPI, together with the manufacturing unit in Shanghai. Cooperating with the Product Management and Sales team around the world is essential. The purpose of the Product development project manager is to drive the work in the development of products towards the agreed requirements, cost, quality and time.",,Computer Engineer | Electronic Engineer | Project Manager,euroengineer_evp.csv
https://www.euroengineerjobs.com/job_display/287814/Manufacturing_Engineer_Baker_Hughes_Fot_Hungary,euroengineerjobs,Manufacturing Engineer,Baker Hughes,"Fot, Hungary","You will support operations by developing manufacturing initiatives that enhance efficiency, optimize production cycles and strengthen supply chain performance. You will use your technical experience to solve problems, improve processes and contribute to both short‑term and long‑term operational goals.",,Hybrid | Industrial Engineer,euroengineer_evp.csv
https://www.euroengineerjobs.com/job_display/287812/RD_Engineer_Process_Development_and_Modularity_Bridgestone_Rome_Italy,euroengineerjobs,R&D Engineer - Process Development and Modularity,Bridgestone,"Rome, Italy",Italy Automotive Engineer Hybrid Industrial Engineer System Engineer Bridgestone,,Automotive Engineer | Hybrid | Industrial Engineer | System Engineer,euroengineer_evp.csv
https://www.euroengineerjobs.com/job_display/287791/Senior_Design_Engineer_Hovione_Lisbon_Portugal,euroengineerjobs,Senior Design Engineer,Hovione,"Lisbon, Portugal","Plan and designs manufacturing facilities and related structures. Determines facility specifications, including analysis and evaluation of location, material resources and structural design. Resolves technical problems and recommends installation improvements to meet process requirements.",,Chemical Engineer | Mechanical Engineer,euroengineer_evp.csv
https://www.euroengineerjobs.com/job_display/287789/Automation_Engineer_Hovione_Loures_Portugal,euroengineerjobs,Automation Engineer,Hovione,"Loures, Portugal",Portugal Electrical Engineer Electronic Engineer Mechanical Engineer On-site Hovione,,Electrical Engineer | Electronic Engineer | Mechanical Engineer,euroengineer_evp.csv
https://www.euroengineerjobs.com/job_display/287787/Mechanical_Engineer_Axon_Enterprise_Brussels_Belgium,euroengineerjobs,Mechanical Engineer,Axon Enterprise,"Brussels, Belgium","Mechanical Design Engineers at Axon have full design ownership over next generation life-saving technology from conceptualization through production, who's work is highly visible to even the most senior executives. Our passionate leadership and cross-functional collaboration with product managers, electrical engineers, industrial designers, and manufacturing teams is vital to the success of the team and ensuring the safety of the general public for generations to come.",,Defence Engineer | Drone Engineer | Hybrid | Mechanical Engineer,euroengineer_evp.csv
https://www.euroengineerjobs.com/job_display/287784/HV_Engineer_Scatec_Bucharest_Romania,euroengineerjobs,HV Engineer,Scatec,"Bucharest, Romania","As our HV Engineer you will support or lead design activities towards delivering technical compliant MV and HV interconnection projects. You will take ownership and responsibility to ensure all technical/contractual requirements are considered and implemented enabling the successful completion of the projects. You will support the development and operations of projects through technical assessments/investigations, due diligence studies and designs by engaging the various business units and relevant external stakeholders.",,Electrical Engineer | Electronic Engineer | Energy Engineer,euroengineer_evp.csv
https://www.euroengineerjobs.com/job_display/287780/Mechanical_Engineer_CERN_European_Organization_for_Nuclear_Research_Geneva_Switzerland,euroengineerjobs,Mechanical Engineer,CERN - European Organization for Nuclear Research,"Geneva, Switzerland","As a Mechanical Engineer, you will join the multidisciplinary Future Projects team working on R&D for the alignment of Future Circular Collider (FCC) components. You will develop mechanical and mechatronic adjustment and support systems requiring high vibration stability and micrometric precision.",,Mechanical Engineer | Nuclear,euroengineer_evp.csv
https://www.euroengineerjobs.com/job_display/287755/Flight_Dynamics_Modelling_Engineer_Helsing_Munich_Germany,euroengineerjobs,Flight Dynamics Modelling Engineer,Helsing,"Munich, Germany","At Helsing, we deliver AI-based capabilities and the enabling foundation that allows machines to perceive and assist human decision-making. An important element of this is to describe (flight) system dynamics in order to rapidly develop and evaluate control and AI-based capabilities.",,Aerospace Engineer | Defence Engineer | Drone Engineer | Mechanical Engineer,euroengineer_evp.csv
https://www.euroengineerjobs.com/job_display/287709/Drivetrain_Development_Engineer_Electric_Motor_Development_Rimac_Automobili_Zagreb_Croatia,euroengineerjobs,Drivetrain Development Engineer - Electric Motor Development,Rimac Automobili,"Zagreb, Croatia","We are seeking a highly skilled, innovative, and experienced Drivetrain Mechanical Development Engineer – Electric Motor Development to join our team. This role focuses on the mechanical design and development of electric motor components for advanced drivetrain systems. You will be responsible for designing, analysing, and optimizing mechanical parts of electric motors, ensuring their performance, reliability, and manufacturability. The position requires collaboration with cross-functional teams to integrate motor components seamlessly into the overall drivetrain system. Experience in electric motor design, mechanical systems, and manufacturing processes is essential.",,Automotive Engineer | Hybrid | Industrial Engineer | Mechanical Engineer,euroengineer_evp.csv
https://www.euroengineerjobs.com/job_display/287684/Mechanical_Engineer_Sereact_Stuttgart_Germany,euroengineerjobs,Mechanical Engineer,Sereact,"Stuttgart, Germany","We are looking for a talented mechanical engineer to design innovative systems and components for AI-driven robots. In this role, you'll create detailed 3D models and technical drawings for fabrication, collaborate closely with engineering teams to ensure seamless integration with electrical and software systems, conduct mechanical simulations and performance testing, and optimize designs for cost, efficiency, and manufacturability.",,Mechanical Engineer | Robotics Engineer,euroengineer_evp.csv
https://www.euroengineerjobs.com/job_display/287673/Process_Engineer_Filtronic_Sedgefield_United_Kingdom,euroengineerjobs,Process Engineer,Filtronic,"Sedgefield, United Kingdom","This role is both strategic and hands-on. It requires deep technical expertise in semiconductor packaging and module assembly, combined with the ability to architect scalable manufacturing systems that transition seamlessly from technology development through NPI to high reliability volume production.",,Electronic Engineer | Mechanical Engineer,euroengineer_evp.csv
https://www.euroengineerjobs.com/job_display/287672/Senior_Optical_Engineer_THEON_International_Koropi_Greece,euroengineerjobs,Senior Optical Engineer,THEON International,"Koropi, Greece",We are seeking to hire one full time Senior Optical Engineer with specialization in Instrumentation.,,Defence Engineer | Electrical Engineer,euroengineer_evp.csv
https://www.euroengineerjobs.com/job_display/287667/Battery_System_Integration_Senior_Engineer_XPeng_Munich_Germany,euroengineerjobs,Battery System Integration Senior Engineer,XPeng,"Munich, Germany",Germany Automotive Engineer Electrical Engineer Mechanical Engineer On-site XPeng,,Automotive Engineer | Electrical Engineer | Mechanical Engineer,euroengineer_evp.csv
https://www.euroengineerjobs.com/job_display/287644/Senior_Mechanical_Engineer_THEON_International_Koropi_Greece,euroengineerjobs,Senior Mechanical Engineer,THEON International,"Koropi, Greece",The Senior Mechanical Engineer will be a member of Theon Design & Development Department and will work together with a multidisciplinary team of engineers. She/He will work closely with the Mechanical design Engineering team and will contribute on the development of company's new products and the optimization of existing ones.,,Defence Engineer | Mechanical Engineer,euroengineer_evp.csv
https://www.euroengineerjobs.com/job_display/287639/Electrical_Engineer_DeltaQuad_Duivendrecht_Netherlands,euroengineerjobs,Electrical Engineer,DeltaQuad,"Duivendrecht, Netherlands","As an Electrical Engineer at DeltaQuad, you take technical ownership of the design and integration of mission-critical electrical systems for advanced UAV platforms. You are responsible for defining the electrical architecture and integrating subsystems, including power distribution, avionics, C2, and GCS interfaces, sensors, and mission payloads, with a strong focus on reliability, safety, and scalable series production.",,Aerospace Engineer | Drone Engineer | Electrical Engineer | Robotics Engineer,euroengineer_evp.csv
https://www.euroengineerjobs.com/job_display/287613/Lead_System_Integration_Engineer_Stellantis_Turin_Italy,euroengineerjobs,Lead System Integration Engineer,Stellantis,"Turin, Italy",Italy Automotive Engineer Computer Engineer Electrical Engineer Electronic Engineer Hybrid System Engineer Stellantis,,Automotive Engineer | Computer Engineer | Electrical Engineer | Electronic Engineer,euroengineer_evp.csv
https://www.euroengineerjobs.com/job_display/287612/BMS_Controls_Engineer_Rimac_Automobili_Oxfordshire_United_Kingdom,euroengineerjobs,BMS Controls Engineer,Rimac Automobili,"Oxfordshire, United Kingdom",We are looking for a skilled and motivated Battery Controls Engineer with expertise in model-based design (MBD) using MATLAB/Simulink and automatic code generation. You will be responsible for developing and deploying embedded control algorithms for battery management systems (BMS) and battery-powered systems across energy storage applications.,,Automotive Engineer | Electrical Engineer | Electronic Engineer | Hybrid,euroengineer_evp.csv
https://www.euroengineerjobs.com/job_display/287611/Mixed_Signal_Design_Engineer_ADI_Analog_Devices_Limerick_Ireland,euroengineerjobs,Mixed Signal Design Engineer,ADI - Analog Devices,"Limerick, Ireland","As a Mixed Signal Design Engineer, you will be responsible for designing and developing mixed-signal integrated circuits, including ADCs, DACs, PLLs, and power management blocks. You'll work collaboratively with cross-functional teams to deliver robust mixed-signal solutions while growing your technical expertise. This role requires a good foundation in both analog and digital domains, with the ability to integrate these technologies to create high-performance semiconductor solutions.",,Computer Engineer | Electrical Engineer | Electronic Engineer,euroengineer_evp.csv
https://www.euroengineerjobs.com/job_display/287609/Gas_and_Chemical_Engineer_Facilities_Engineering_ADI_Analog_Devices_Limerick_Ireland,euroengineerjobs,"Gas and Chemical Engineer, Facilities Engineering",ADI - Analog Devices,"Limerick, Ireland","ADI is looking for a Gas & Chemicals engineer to support our Facilities team at our semiconductor manufacturing site in Limerick, IE. Successful candidate will provide engineering expertise to operations and maintenance team as well as design and project oversight for a multitude of facilities systems and projects for Bulk & Special Gas & Chemical Storage, Delivery & Treatment/Removal on our semiconductor manufacturing site in Limerick IE. The successful candidate will also offer support to Gas & Chemical systems supporting leading edge technology development and would also get opportunities in other disciplines beyond core Gas & Chemistry responsibilities.",,Chemical Engineer | Mechanical Engineer,euroengineer_evp.csv
https://www.euroengineerjobs.com/job_display/287585/Electronic_Design_Engineer_Flex_Kalmar_Sweden,euroengineerjobs,Electronic Design Engineer,Flex,"Kalmar, Sweden","Flex Power Modules, a business line of Flex, is a leading design and solution provider of scalable DC/DC power converters primarily serving the data processing, communications, industrial and transportation markets. Offering a wide range of both isolated and non-isolated solutions, its digitally enabled DC/DC converters include PMBus compatibility supported by the powerful Flex Power Designer. We’re offering solutions for various markets, such as telecom, RFPA, Datacom, and industrial. Further information can be found at flexpowermodules.com or on LinkedIn.",,Electrical Engineer | Electronic Engineer,euroengineer_evp.csv
https://www.euroengineerjobs.com/job_display/287547/Process_Engineering_Lead_NPI_AbbVie_Westport_Ireland,euroengineerjobs,Process Engineering Lead - NPI,AbbVie,"Westport, Ireland","The Process Engineering lead - NPI will report to the Director of the Tech Center business unit and be responsible for the Site New Product Introduction Programs. This position has responsibility for providing direct oversight, management, and leadership with minimal technical or administrative guidance, as well as responsibility for all aspects of technical process support such as but not limited to project management, process monitoring and validation programs within the site.",,Industrial Engineer,euroengineer_evp.csv
https://www.euroengineerjobs.com/job_display/287546/Senior_Process_Safety_Engineer_AbbVie_Sligo_Ireland,euroengineerjobs,Senior Process Safety Engineer,AbbVie,"Sligo, Ireland","We are looking for a Senior Process Safety Engineer to join our team in Abbvie, Manorhamilton Road, Sligo. The Senior Process Safety Engineer will be responsible for developing, implementing, managing systems and procedures to prevent major accidents or incidents. You will also be responsible for maintaining and enhancing current systems and ensuring a safe and fit for purpose Process Safety environment. Emergency response and business continuity will also be key areas of responsibility.",,Chemical Engineer | Industrial Engineer,euroengineer_evp.csv
https://www.euroengineerjobs.com/job_display/287504/Energy_Project_Manager_Tractebel_Engineering_Bucharest_Romania,euroengineerjobs,Energy Project Manager,Tractebel Engineering,"Bucharest, Romania","As an Energy Project Manager in our Energy team at Tractebel, you contribute to the development of large-scale energy projects, delivering innovative and efficient engineering solutions. Our team focuses on designing and optimizing energy infrastructure, ensuring reliability, sustainability, and technical excellence to support the transition to a cleaner and more resilient energy future.",,Energy Engineer | Hybrid | Project Manager,euroengineer_evp.csv
https://www.euroengineerjobs.com/job_display/287495/Instrumentation_and_Control_Engineer_Worley_Sofia_Bulgaria,euroengineerjobs,Instrumentation and Control Engineer,Worley,"Sofia, Bulgaria","This is a dynamic role that will require not only a firm technical understanding of the respective Engineering discipline, but also a willingness to work differently. As we scale our business engineering team will be looking to deliver projects using innovative business models and utilizing existing, and developing new, digital solutions and design automation. As Discipline Engineer, you will be directly involved in the design of our current and future projects, contributing to bids, and developing broader technical solutions for the business. You’ll be leading and be part of a strong group of engineers and supported by the wider pool of Worley resources.",,Energy Engineer | Hybrid | Industrial Engineer,euroengineer_evp.csv
https://www.euroengineerjobs.com/job_display/287493/Supply_Chain_Process_Engineer_Embention_Alicante_Spain,euroengineerjobs,Supply Chain Process Engineer,Embention,"Alicante, Spain","To support the CSCO in optimizing and standardizing operations, ensuring that material flows and internal processes are scalable, efficient, and aligned with Embention's high-quality standards.",,Aerospace Engineer | Drone Engineer | Industrial Engineer,euroengineer_evp.csv
https://www.euroengineerjobs.com/job_display/287491/Manufacturing_Engineer_IDE_Intracom_Defense_Koropi_Greece,euroengineerjobs,Manufacturing Engineer,IDE - Intracom Defense,"Koropi, Greece","We’re on the lookout for a Manufacturing Engineer who’s not just a talented professional but a business-oriented mastermind with the determination to cover the customer needs and the passion for making things happen. If you're ready to take the lead and drive innovation, IDE is where you belong.",,Defence Engineer | Electrical Engineer | Industrial Engineer | Mechanical Engineer,euroengineer_evp.csv
https://www.euroengineerjobs.com/job_display/287488/Structural_Analysis_Engineer_Boeing_Hamburg_Germany,euroengineerjobs,Structural Analysis Engineer,Boeing,"Hamburg, Germany",Germany Aerospace Engineer Industrial Engineer Mechanical Engineer On-site Boeing,,Aerospace Engineer | Industrial Engineer | Mechanical Engineer,euroengineer_evp.csv
https://www.euroengineerjobs.com/job_display/287449/Mechanical_Design_Engineer_Westinghouse_Electric_Company_Marseille_France,euroengineerjobs,Mechanical Design Engineer,Westinghouse Electric Company,"Marseille, France","As a Mechanical Design Engineer you will be responsible for designing special-purpose machines for machining, welding, metrology, non-destructive testing, and/or handling activities.",,Hybrid | Industrial Engineer | Mechanical Engineer | Nuclear,euroengineer_evp.csv
https://www.euroengineerjobs.com/job_display/287446/Process_Engineer_Rimac_Automobili_Zagreb_Croatia,euroengineerjobs,Process Engineer,Rimac Automobili,"Zagreb, Croatia",Croatia Automotive Engineer Electronic Engineer Industrial Engineer Mechanical Engineer On-site Rimac Automobili,,Automotive Engineer | Electronic Engineer | Industrial Engineer | Mechanical Engineer,euroengineer_evp.csv
https://www.euroengineerjobs.com/job_display/287442/Powertrain_System_Integration_Engineer_Senior_Engineer_XPeng_Munich_Germany,euroengineerjobs,Powertrain System Integration Engineer/Senior Engineer,XPeng,"Munich, Germany","We are seeking a highly motivated Powertrain System Integration (Senior) Engineer to join our German R&D team. This role is pivotal in bridging our Headquarters' technical vision with the specific requirements of the European market. You will focus on the functional integration of powertrain systems (including Battery, Motor, and Electronic Control), with a strong emphasis on charging adaptability, competitive benchmarking, and ensuring our powertrain solutions to meet local customer expectations.",,Automotive Engineer | Electrical Engineer | System Engineer,euroengineer_evp.csv
https://www.euroengineerjobs.com/job_display/287438/Electrical_Engineer_Harmattan_AI_Paris_France,euroengineerjobs,Electrical Engineer,Harmattan AI,"Paris, France","As an Electrical Engineer, your main role will be to design and develop electronic boards and embedded systems (SoM) for UAVs (e.g., Flight Controllers, Companion Computers, Electronic Speed Controllers).",,Aerospace Engineer | Defence Engineer | Drone Engineer | Electrical Engineer,euroengineer_evp.csv
https://www.euroengineerjobs.com/job_display/287394/Mechanical_Engineer_Harmattan_AI_Lausanne_Switzerland,euroengineerjobs,Mechanical Engineer,Harmattan AI,"Lausanne, Switzerland",Switzerland Aerospace Engineer Defence Engineer Drone Engineer Industrial Engineer Mechanical Engineer On-site Harmattan AI,,Aerospace Engineer | Defence Engineer | Drone Engineer | Industrial Engineer,euroengineer_evp.csv
https://www.euroengineerjobs.com/job_display/287392/Digital_Signal_Processing_DSP_Engineer_onsemi_Brno_or_Bratislava_Multiple_Countries,euroengineerjobs,Digital Signal Processing (DSP) Engineer,onsemi,"Brno or Bratislava, Multiple Countries","Our ideal candidate has a strong understanding of algorithms, data structures, digital signal processing techniques and is familiar with real-time embedded programming.",,Computer Engineer | Electrical Engineer | Electronic Engineer,euroengineer_evp.csv
https://www.euroengineerjobs.com/job_display/287386/Operations_Engineer_Manufacturing_AbbVie_Dublin_Ireland,euroengineerjobs,Operations Engineer (Manufacturing),AbbVie,"Dublin, Ireland","The Operations Engineer role is dynamic and central to our team's success, offering a wide range of responsibilities. You'll play a key role in maintaining and improving compliance across the manufacturing area. Collaborating with your team and production supervisors, you will identify and implement focused improvement initiatives to ensure the highest standards of compliance, safety, regulatory, operational, and organisational excellence.",,Hybrid | Industrial Engineer,euroengineer_evp.csv
https://www.euroengineerjobs.com/job_display/287374/PCS_Controls_Engineer_Rimac_Automobili_Zagreb_Croatia,euroengineerjobs,PCS Controls Engineer,Rimac Automobili,"Zagreb, Croatia","We are looking for a skilled and motivated PCS Controls Engineer with expertise in model-based design (MBD) using MATLAB/Simulink and automatic code generation. You will develop, simulate, and deploy advanced control algorithms for grid-connected inverters across energy storage applications.",,Automotive Engineer | Computer Engineer | Electrical Engineer | Electronic Engineer,euroengineer_evp.csv
