job_id,title,company,location,posted,summary,job_url,tags,source
287863,(Senior) Commercial Asset Manager Renewables,Uniper,"Multiple Locations, Multiple Countries",Posted 17 days ago,"Managing key project contracts (e.g., construction contracts, service agreements, leases); oversee vendor and subcontractor agreements, ensuring compliance with agreed terms. Identify, monitor, and mitigate financial and contractual risks in coordination",https://www.euroclimatejobs.com/job_display/287863/Senior_Commercial_Asset_Manager_Renewables_Uniper_Multiple_Locations_Multiple_Countries,Business and Finance | Hybrid | Renewable Energy | Solar Energy,euroclimatejobs
287233,PPA Origination Manager in Renewable Energies,Encavis,"Hamburg or Neubiberg, Germany",Posted 30 days ago,"You will structure and negotiate long-term PPAs for individual projects or project portfolios from our European pipeline. You will also prepare and coordinate PPA tender processes for projects in our pipeline, as well as handle and prepare offers for",https://www.euroclimatejobs.com/job_display/287233/PPA_Origination_Manager_in_Renewable_Energies_Encavis_Hamburg_or_Neubiberg_Germany,Business and Finance | Electricity | Hybrid | Renewable Energy,euroclimatejobs
287042,Senior Renewable Energy Consultant,Veolia,"Madrid, Spain",Posted 36 days ago,"Lead and deliver consulting assignments in renewable energy planning, project evaluation, and strategy development for public and private sector clients; Conduct technical and economic analyses of renewable energy projects and",https://www.euroclimatejobs.com/job_display/287042/Senior_Renewable_Energy_Consultant_Veolia_Madrid_Spain,Consultant | Renewable Energy,euroclimatejobs
286867,"Head of Asset Management, Green Power",Alpiq Group,"Multiple Locations, Europe, Multiple Countries",2 days left Posted 41 days ago,"You will lead a pan European organisation comprising asset managers in the various countries where Alpiq active is (CH, ES, IT, FR, Nordics and new countries with assets under development), covering various assets and technologies Wind, PV, BESS, green",https://www.euroclimatejobs.com/job_display/286867/Head_of_Asset_Management_Green_Power_Alpiq_Group_Multiple_Locations_Europe_Multiple_Countries,Business and Finance | Climate and Energy Analyst | Electricity | Hydropower Energy,euroclimatejobs
288501,Head Intraday Algorithmic Trading,Alpiq Group,"Olten, Switzerland",Posted 3 days ago,"Lead the design, development, and execution of algorithmic trading strategies for day-ahead, intraday, and imbalance markets across CWE and the Nordics; Hold full P&L responsibility for algorithmic trading activities, ensuring alignment with trading",https://www.euroclimatejobs.com/job_display/288501/Head_Intraday_Algorithmic_Trading_Alpiq_Group_Olten_Switzerland,Climate and Energy Analyst | Trader,euroclimatejobs
288442,Senior Biofuels Trader,OTC Flow,"Amsterdam, Netherlands",Posted 6 days ago,"You will take ownership of developing and executing a results-driven, over the counter, brokering strategy. You will focus on building a strong client portfolio, managing relationships, and closing high-value deals. This role demands an independent,",https://www.euroclimatejobs.com/job_display/288442/Senior_Biofuels_Trader_OTC_Flow_Amsterdam_Netherlands,BioEnergy and BioFuel | Carbon Capture and Storage | Renewable Energy | Sales and Marketing,euroclimatejobs
288313,Senior Portfolio Manager - Project Development in Renewable Energies,Encavis,"Hamburg or Neubiberg, Germany",Posted 8 days ago,"You will drive the transition to digital-first systems and scalable processes, ensure the integrity and quality of our development data, and optimise processes for smooth portfolio operations. Using tools such as Sitetracker and our M365 collaboration",https://www.euroclimatejobs.com/job_display/288313/Senior_Portfolio_Manager_Project_Development_in_Renewable_Energies_Encavis_Hamburg_or_Neubiberg_Germany,Business and Finance | Hybrid | Project Manager | Renewable Energy,euroclimatejobs
288193,Head Climate Certificates & Dry Bulk Trading,Axpo,"Baden, Switzerland",Posted 10 days ago,"Take proprietary trading positions in emissions allowances, climate certificates, and related fuels, such as coal; Lead and integrate a team of traders and analysts, fostering knowledge transfer; Expand trading activities into new regions (e.g. Asia, US)",https://www.euroclimatejobs.com/job_display/288193/Head_Climate_Certificates_Dry_Bulk_Trading_Axpo_Baden_Switzerland,Climate and Energy Analyst | Environment | Hybrid | Trader,euroclimatejobs
288183,CO₂ Pipeline Transport R&T Project Lead,TotalEnergies,"Stavanger, Norway","Posted 10 days ago
                
                                      
                    Deadline 31 March",You will manage research and technology development activities related to CO₂ pipeline transport within the CO₂ Transport & Storage (T&S) program. This strategic position contributes directly to building a full‑chain CCS industry - an essential,https://www.euroclimatejobs.com/job_display/288183/CO_Pipeline_Transport_RT_Project_Lead_TotalEnergies_Stavanger_Norway,Carbon Capture and Storage | Energy Engineer | Environment | Project Manager,euroclimatejobs
288046,Senior Project Manager for Energy Solutions,Telelink Infra Services,Bulgaria,Posted 14 days ago,"You will lead the planning, execution, and delivery of solar energy projects. This role is essential in coordinating with cross-functional teams, managing project timelines, and ensuring adherence to safety and quality standards Maintaining up-to-date",https://www.euroclimatejobs.com/job_display/288046/Senior_Project_Manager_for_Energy_Solutions_Telelink_Infra_Services_Bulgaria,Project Manager | Renewable Energy | Solar Energy,euroclimatejobs
288043,Senior Transaction Manager,Vattenfall,"Multiple Locations, Multiple Countries","Posted 14 days ago
                
                                      
                    Deadline 26 March","In this role, you will lead complex strategic initiatives and partnership-related projects across the Onshore Wind portfolio, acting as a key driver of strategic direction, portfolio optimisation, and partnership development. You will take end‑to‑end",https://www.euroclimatejobs.com/job_display/288043/Senior_Transaction_Manager_Vattenfall_Multiple_Locations_Multiple_Countries,Business and Finance | Renewable Energy | Wind Energy,euroclimatejobs
287989,Renewables Portfolio Lead,AECOM,"Dublin, Ireland",Posted 15 days ago,"As a leader you will be responsible for fostering a culture of success, engagement, and development within the team while ensuring the successful management of projects from inception to completion. You will bring your deep understanding of the Irish",https://www.euroclimatejobs.com/job_display/287989/Renewables_Portfolio_Lead_AECOM_Dublin_Ireland,Business and Finance | Hybrid | Renewable Energy | Sales and Marketing,euroclimatejobs
287729,Sales Support Specialist,RES Group,"Kings Langley, United Kingdom",Posted 21 days ago,"The position combines commercial process support (proposal and contract template management and support, tender coordination) with sales analytics and business system administration (Salesforce reporting, revenue tracking, and forecasting).",https://www.euroclimatejobs.com/job_display/287729/Sales_Support_Specialist_RES_Group_Kings_Langley_United_Kingdom,Renewable Energy | Sales and Marketing | Solar Energy | Wind Energy,euroclimatejobs
287712,Environmental Coordinator,Eni S.p.A.,"Madrid, Spain",Posted 21 days ago,"Contribute to the implementation of renewable projects, with a particular focus on the execution and operation stages, by identifying and managing key environmental aspects (PVA, DIA, compensatory measures, etc.); Support projects during the execution and",https://www.euroclimatejobs.com/job_display/287712/Environmental_Coordinator_Eni_SpA_Madrid_Spain,Environment | Renewable Energy | Solar Energy | Wind Energy,euroclimatejobs
287217,Project Development Manager,Metlen Εnergy & Metals,"Milan, Italy",Posted 31 days ago,"Secure land rights: Manage the process of securing land rights for wind, PV, and BESS projects to allow for planning, permitting, construction, operation, and maintenance.  Provide assistance to the Head of Development Manager in the management in due",https://www.euroclimatejobs.com/job_display/287217/Project_Development_Manager_Metlen_nergy_Metals_Milan_Italy,Business and Finance | Environment | Project Manager | Renewable Energy,euroclimatejobs
287207,Principal Nuclear Environmental Consultant,Amentum,"Reading, United Kingdom",Posted 31 days ago,"Your main responsibility will be to apply your knowledge, experience and expertise to the environmental aspects that need to be considered in site operations, radioactive waste management and nuclear decommissioning challenges. You will lead (or support)",https://www.euroclimatejobs.com/job_display/287207/Principal_Nuclear_Environmental_Consultant_Amentum_Reading_United_Kingdom,Consultant | Environment | Hybrid | Nuclear Energy,euroclimatejobs
287159,Power Portfolio Specialist,MET Group,"Sofia, Bulgaria",Posted 34 days ago,"Communicate with internal and external parties, TSOs, DSOs and public authorities across the Balkans; Monitoring of production/consumption data; Forecasting and optimization of the current portfolio; Prepare settlements and statements",https://www.euroclimatejobs.com/job_display/287159/Power_Portfolio_Specialist_MET_Group_Sofia_Bulgaria,Climate and Energy Analyst,euroclimatejobs
287112,Market Risk Analyst,Axpo,"Madrid, Spain",Posted 35 days ago,Play a key role in analyzing and reporting risk and P&L with a focus on LNG trading and the proprietary trading division (CEMT). Shape the future of energy by contributing your expertise to a dynamic and innovative team. Perform daily analysis,https://www.euroclimatejobs.com/job_display/287112/Market_Risk_Analyst_Axpo_Madrid_Spain,Business and Finance | Climate and Energy Analyst | Hybrid,euroclimatejobs
286902,Senior Project Manager - EPC Projects,GE Vernova,"Madrid or Villeurbanne, Multiple Countries",Posted 38 days ago,"Lead or be part of a Large & Complex Full Turnkey HVDC or AC Systems on-shore and/or off-shore project including Design, Supply, Construction, Electro-mechanical Installation and Testing & Commissioning works.  Managing the Project team",https://www.euroclimatejobs.com/job_display/286902/Senior_Project_Manager_EPC_Projects_GE_Vernova_Madrid_or_Villeurbanne_Multiple_Countries,Business and Finance | Energy Engineer | Project Manager,euroclimatejobs
286851,Senior Economic Policy Analyst - Energy Policy & Infrastructure Finance,EMPN - European Macro Policy Network,"Brussels, Belgium",2 days left Posted 41 days ago,"You will help shape debates on the financing of the energy and climate transition through rigorous analysis, strategic outreach, and cross-border coordination. This includes work on electricity grids and interconnections, public and private",https://www.euroclimatejobs.com/job_display/286851/Senior_Economic_Policy_Analyst_Energy_Policy_Infrastructure_Finance_EMPN_European_Macro_Policy_Network_Brussels_Belgium,Business and Finance | Climate and Energy Analyst | Communication/Public Relations | Electricity,euroclimatejobs
286805,Senior Market Risk Analyst,Axpo,"Baden, Switzerland",1 day left Posted 42 days ago,"Join Axpo Solutions AG and play a key role in shaping the future of energy markets. As a Senior Market Risk Analyst, you will focus on analyzing and reporting risk and P&L, ensuring robust risk control processes, and contributing to IFRS reporting. Bring",https://www.euroclimatejobs.com/job_display/286805/Senior_Market_Risk_Analyst_Axpo_Baden_Switzerland,Business and Finance | Climate and Energy Analyst | Hybrid,euroclimatejobs
286736,Global Portfolio Position Monitoring,ContourGlobal,"Madrid, Spain",Expiring today Posted 43 days ago,"Monitor and report on the global energy portfolio position, including hedging and exposure metrics; Conduct sensitivity analysis and scenario modeling to assess the impact of market changes, regulatory developments, and operational risks on the company's",https://www.euroclimatejobs.com/job_display/286736/Global_Portfolio_Position_Monitoring_ContourGlobal_Madrid_Spain,Business and Finance | Climate and Energy Analyst | Trader,euroclimatejobs
288673,Renewables Development Lead,Fuse Energy,"London, United Kingdom",Posted today,"We are now looking for an incredibly driven and ambitious individual to supercharge and expand our greenfield utility-scale development projects with a specific focus on land acquisition and landowner engagement. The ideal candidate will be an exceptional independent operator willing to work at high intensity as part of our core team. They will have a very strong bias towards action and feel comfortable generating and handling both outbound and inbound leads. They will also drive project development strategy, including site identification and origination, outreach to landowners and feasibility studies.",https://www.euroclimatejobs.com/job_display/288673/Renewables_Development_Lead_Fuse_Energy_London_United_Kingdom,Business and Finance | Renewable Energy | Sales and Marketing,euroclimatejobs
288670,Senior Electrical Commissioning Engineer,Metlen Εnergy & Metals,"Frankfurt, Germany",Posted today,"METLEN Energy & Metals is launching and expanding its M Renewables Division in Germany, and we are seeking a Senior Electrical Commissioning Engineer (Solar/BESS) to play a key role in establishing and delivering our utility-scale renewable energy projects across the country. This is a critical position supporting METLEN’s entry and growth in the German market.",https://www.euroclimatejobs.com/job_display/288670/Senior_Electrical_Commissioning_Engineer_Metlen_nergy_Metals_Frankfurt_Germany,Energy Engineer | Renewable Energy | Solar Energy,euroclimatejobs
288559,Sr Expert Renew Fuels&Feedstock Supply,OMV Group,"Bucharest, Romania",Posted 2 days ago,Romania BioEnergy and BioFuel Business and Finance Oil and Gas On-site Renewable Energy OMV Group,https://www.euroclimatejobs.com/job_display/288559/Sr_Expert_Renew_FuelsFeedstock_Supply_OMV_Group_Bucharest_Romania,BioEnergy and BioFuel | Business and Finance | Oil and Gas | Renewable Energy,euroclimatejobs
288553,Quality Manager BESS - Energy Products EMEA,Tesla,"Amsterdam, Netherlands",Posted 2 days ago,"As a Quality Engineer for Tesla Energy Products EMEA, you’ll ensure our Megapack installations meet the highest standards of reliability, safety, and compliance, from large utility scale projects in the UK to solar co-located projects in Southern Europe.",https://www.euroclimatejobs.com/job_display/288553/Quality_Manager_BESS_Energy_Products_EMEA_Tesla_Amsterdam_Netherlands,Energy Engineer | Renewable Energy | Solar Energy,euroclimatejobs
288503,Business Development Manager - Renewables Consulting,RINA,"Leatherhead, Manchester or Brighton, United Kingdom",Posted 3 days ago,"Excellent Business Development Manager (BDM) needed to join RINA's growing Energy, Power and Renewables Consulting business. You will be responsible for targeting and winning growth opportunities with Renewable energy (PV Solar, Battery, Wind) developers across the UK and Ireland.",https://www.euroclimatejobs.com/job_display/288503/Business_Development_Manager_Renewables_Consulting_RINA_Leatherhead_Manchester_or_Brighton_United_Kingdom,BioEnergy and BioFuel | Business and Finance | Hybrid | Renewable Energy,euroclimatejobs
288476,Technical Due Diligence Expert - Biogas International,Axpo,"Baden, Roma or Warsaw, Multiple Countries",Posted 3 days ago,"The Technical Due Diligence Expert – Biogas International is responsible for performing comprehensive technical assessments of biogas and biomethane projects, with a strong focus on agricultural feedstock-based plants across European markets. The role supports investment decisions, acquisitions, and project development by providing robust technical, operational, and risk analyses throughout the project lifecycle.",https://www.euroclimatejobs.com/job_display/288476/Technical_Due_Diligence_Expert_Biogas_International_Axpo_Baden_Roma_or_Warsaw_Multiple_Countries,BioEnergy and BioFuel | Business and Finance | Energy Engineer | Environment,euroclimatejobs
288475,Power Analyst,MET Group,"Budapest, Hungary",Posted 3 days ago,"We are looking to expand the Analytics team by hiring an experienced Power Analyst, to boost the expanding power markets analytics support and development, while integrating focus on cross-commodity aspects and opportunities.",https://www.euroclimatejobs.com/job_display/288475/Power_Analyst_MET_Group_Budapest_Hungary,Business and Finance | Carbon Capture and Storage | Climate and Energy Analyst | Oil and Gas,euroclimatejobs
288437,Energy Market Optimization Expert - BESS,Metlen Εnergy & Metals,"Paiania, Greece",Posted 6 days ago,"In this highly analytical role, you will focus on the design, development, and implementation of advanced optimization models that enable optimal BESS participation in the Greek Balancing Market, while also supporting Day-Ahead and Intraday market strategies.",https://www.euroclimatejobs.com/job_display/288437/Energy_Market_Optimization_Expert_BESS_Metlen_nergy_Metals_Paiania_Greece,Climate and Energy Analyst | Electricity,euroclimatejobs
288434,Associate Project Manager - Renewables & Power,RINA,"Genoa, Rome, Lecce, Bari or Rozzano, Italy",Posted 6 days ago,"The Associate Project Manager is responsible for supporting project execution and assisting in the coordination of tasks to ensure successful project delivery. Working under the guidance of a Project Manager, the Associate Project Manager helps manage resources, monitor project timelines, and maintain effective communication among team members and clients.",https://www.euroclimatejobs.com/job_display/288434/Associate_Project_Manager_Renewables_Power_RINA_Genoa_Rome_Lecce_Bari_or_Rozzano_Italy,Energy Engineer | Project Manager | Renewable Energy,euroclimatejobs
288380,Program Manager Solar PV,Goodman,"Vilvoorde, Belgium",Posted 7 days ago,"The successful candidate will define the annual PV roadmap and budget, manage the project pipeline, provide guidance to country teams, and act as the central escalation point for PV-related matters. The role also includes developing and embedding cross-border best practices, technical standards, and governance frameworks to ensure a consistent, future-proof PV portfolio.",https://www.euroclimatejobs.com/job_display/288380/Program_Manager_Solar_PV_Goodman_Vilvoorde_Belgium,Project Manager | Renewable Energy | Solar Energy,euroclimatejobs
288373,Nuclear Engineer,Amentum,"Bristol, United Kingdom",Posted 7 days ago,"This role is ideal for a confident and ambitious Engineer, several years into their career or a seasoned veteran. Flexibility is absolutely key to the role and you will have the opportunity to apply your skills in a variety of submarine related applications.",https://www.euroclimatejobs.com/job_display/288373/Nuclear_Engineer_Amentum_Bristol_United_Kingdom,Energy Engineer | Hybrid | Nuclear Energy,euroclimatejobs
288366,Gas Options Trader,MET Group,"Baar, Switzerland",Posted 7 days ago,"The Gas Option Trader will be responsible for pricing/valuing options on back of physical optionality and to manage and execute trading strategies on the market, contributing to portfolio optimization and market positioning within the Gas Trading team. This role requires in-depth knowledge of European gas markets, strong analytical capabilities, and a track record of delivering results in forward trading and to understand LNG physical optionality and how to manage associated risk on the financial market.",https://www.euroclimatejobs.com/job_display/288366/Gas_Options_Trader_MET_Group_Baar_Switzerland,Climate and Energy Analyst | Oil and Gas | Trader,euroclimatejobs
288312,Power & Gas Market Risk Analyst,Metlen Εnergy & Metals,"Athens, Greece",Posted 8 days ago,"We are seeking a motivated Power & Gas Market Risk Analyst to join our Market Risk/Middle Office team part of our Treasury & Investors Relations General Division, based in Athens. This role works closely with multiple internal stakeholders and plays a key role in ensuring transparency, control, and sound risk management practices.",https://www.euroclimatejobs.com/job_display/288312/Power_Gas_Market_Risk_Analyst_Metlen_nergy_Metals_Athens_Greece,Business and Finance | Climate and Energy Analyst | Oil and Gas | Trader,euroclimatejobs
288305,Senior Key Account Manager,Alpiq Group,"Madrid, Spain",Posted 8 days ago,"If you want to be part of this great project, join us as a Senior Key Account Manager! You will join a young, dynamic and international environment, where your role will consist on the development of the activities associated with the production process, with a commitment to the environment and the safety of people and facilities. We are looking for a person whose mission is the development of our Supply and Origination Business, (Electricity, Gas, sale of PPAs linked to supply and sale of GdOs), with large energy consumers as end customer and producers, being responsible for all commercial management.",https://www.euroclimatejobs.com/job_display/288305/Senior_Key_Account_Manager_Alpiq_Group_Madrid_Spain,Climate and Energy Analyst | Electricity | Oil and Gas | Sales and Marketing,euroclimatejobs
288304,Electrical Designer,AFRY,"Łódź, Kraków or Poznań, Poland",Posted 8 days ago,"You will be joining the HVAC team located in Bellinzona, Zürich and Lausanne belonging to the Building Services & Environment” Business Unit. This unit has approximately 92 employees globally, including Electrical designers and energy/environmental specialists. With more than 20 years of experience, the group is able to provide architects with all the services they need to develop energy-aware projects and design all the technical components inside the building.",https://www.euroclimatejobs.com/job_display/288304/Electrical_Designer_AFRY_d_Krakw_or_Pozna_Poland,Electricity | Energy Engineer | Hybrid,euroclimatejobs
288251,Energy Data Portfolio Analyst,TotalEnergies,"Geneva, Switzerland",Posted 9 days ago,"This fixed-Term contract offers the opportunity to gain a deep understanding of the European energy market structure, collaborate with Front, Middle, Operations, and Back Office teams, and interact with external stakeholders such as system operators. You will strengthen your programming expertise across multiple languages and actively support the migration to next-generation tools and platforms.",https://www.euroclimatejobs.com/job_display/288251/Energy_Data_Portfolio_Analyst_TotalEnergies_Geneva_Switzerland,Business and Finance | Climate and Energy Analyst,euroclimatejobs
288190,Sustainability Consultant,RINA,"Genoa, Italy",Posted 10 days ago,"At RINA Consulting S.p.A., as an Energy & Resource Efficiency Engineer, you will play a pivotal role supporting the engineering team dedicated to advancing innovative biofuels and Renewable Fuels of Non-Biological Origin (RFNBO) processes. This role emphasises delivering detailed technical analysis, problem-solving solutions, documentation, and calculations to assist in the transition towards more sustainable energy practices.",https://www.euroclimatejobs.com/job_display/288190/Sustainability_Consultant_RINA_Genoa_Italy,BioEnergy and BioFuel | Carbon Capture and Storage | Consultant | Environment,euroclimatejobs
288189,Investment Associate in Renewable Energies,Encavis,"Hamburg, Germany",Posted 10 days ago,Germany Business and Finance Hybrid Renewable Energy Solar Energy Wind Energy Encavis,https://www.euroclimatejobs.com/job_display/288189/Investment_Associate_in_Renewable_Energies_Encavis_Hamburg_Germany,Business and Finance | Hybrid | Renewable Energy | Solar Energy,euroclimatejobs
288109,Commercial Manager (Utility BESS),Trina Solar,"Home-based, Multiple Countries",Posted 13 days ago,Multiple Countries Business and Finance Remote Renewable Energy Sales and Marketing Solar Energy Trina Solar,https://www.euroclimatejobs.com/job_display/288109/Commercial_Manager_Utility_BESS_Trina_Solar_Home_based_Multiple_Countries,Business and Finance | Remote | Renewable Energy | Sales and Marketing,euroclimatejobs
288048,Business Development Manager,Sunrock,"Düsseldorf, Germany",Posted 14 days ago,"As a Business Development Manager at Sunrock, you build long‑term energy partnerships that shape Germany’s industrial and real estate sectors. You act as a strategic sparring partner for developers, asset managers and sustainability teams, helping them navigate climate goals and future energy needs.",https://www.euroclimatejobs.com/job_display/288048/Business_Development_Manager_Sunrock_Dsseldorf_Germany,Business and Finance | Environment | Hybrid | Renewable Energy,euroclimatejobs
287971,Sales Engineer Energy,N-SIDE,"Louvain-La-Neuve, Belgium",Posted 15 days ago,"As a Sales Engineer Energy, you will bridge the gap between technical expertise and sales by effectively communicating the value of N-SIDE’s products and services to customers. Your role will involve understanding each customer’s unique needs, driving successful sales outcomes, and fostering long-term relationships.",https://www.euroclimatejobs.com/job_display/287971/Sales_Engineer_Energy_N_SIDE_Louvain_La_Neuve_Belgium,Electricity | Energy Engineer | Sales and Marketing,euroclimatejobs
287923,Senior Power System & Market Expert,N-SIDE,"Louvain-La-Neuve, Belgium",Posted 16 days ago,"As a Senior Power System & Market Expert, you will help N-SIDE thrive in the area of Energy Market Advisory and Power System Optimization. The successful candidate will contribute in delivering consulting and expert services for our clients, become a thought leader in market &system operation topics and contribute to business development around our grid and market solutions.",https://www.euroclimatejobs.com/job_display/287923/Senior_Power_System_Market_Expert_N_SIDE_Louvain_La_Neuve_Belgium,Business and Finance | Climate and Energy Analyst | Hybrid,euroclimatejobs
287921,Head of Engineering Thermal,Alpiq Group,"Milan, Italy",Posted 16 days ago,"Reporting into BU Head, you will lead a team to directly support technical management of Alpiq Thermal existing assets. You will support asset owners to maintain the assets and continuously improve availability and performance through upgrades, life extensions, repowering. You will oversee and steer engineering, project management and plant upgrades. You will create a common set of KPIs and procedures in the Business Unit and you will provide the BU Head with technical expertise to support decision making process. You will support the strategic growth ambition of the Business unit with deep technical analysis and due diligence on new assets.",https://www.euroclimatejobs.com/job_display/287921/Head_of_Engineering_Thermal_Alpiq_Group_Milan_Italy,Carbon Capture and Storage | Energy Engineer | Oil and Gas,euroclimatejobs
287716,Asset Nuclear Leader,RINA,"Genoa, Milan or Rome, Italy",Posted 21 days ago,"As Asset Nuclear Leader, you will drive the strategic development, coordination, and overarching operational execution of the Nuclear Asset, ensuring that strategic directions set at VP level translate into concrete initiatives, high‑quality delivery, and measurable business outcomes. In this role, you will lead multidisciplinary teams across engineering, certification, licensing, safety, decommissioning, digital, R&D, and commercial areas to ensure strong market positioning, regulatory credibility, and technical excellence in the evolving global nuclear sector.",https://www.euroclimatejobs.com/job_display/287716/Asset_Nuclear_Leader_RINA_Genoa_Milan_or_Rome_Italy,Energy Engineer | Nuclear Energy,euroclimatejobs
287646,Senior Communications Officer,EBA - European Biogas Association,"Brussels, Belgium",Posted 22 days ago,"You will be part of a dynamic team of communication and event experts working on exciting projects and campaigns to enhance the visibility of the biogas sector. You will develop impactful marketing & communication campaigns and strategies, build compelling narratives, and ensure consistent branding and messaging across all communication platforms.",https://www.euroclimatejobs.com/job_display/287646/Senior_Communications_Officer_EBA_European_Biogas_Association_Brussels_Belgium,BioEnergy and BioFuel | Communication/Public Relations | Hybrid | Renewable Energy,euroclimatejobs
287525,Senior Market Risk Manager,MET Group,"Baar, Switzerland",Posted 24 days ago,Switzerland Business and Finance Climate and Energy Analyst Oil and Gas On-site MET Group,https://www.euroclimatejobs.com/job_display/287525/Senior_Market_Risk_Manager_MET_Group_Baar_Switzerland,Business and Finance | Climate and Energy Analyst | Oil and Gas,euroclimatejobs
287521,Renewable Energy Projects (Wind/Solar/BESS) Developer,Qair,"Bucharest, Romania",Posted 24 days ago,"With a background in electrical or energy engineering, you will analyze technical documentation, participate in technical discussions with partners and consultants, and support the permitting and authorization processes required for project development, in coordination with internal teams and local authorities.",https://www.euroclimatejobs.com/job_display/287521/Renewable_Energy_Projects_Wind_Solar_BESS_Developer_Qair_Bucharest_Romania,Electricity | Energy Engineer | Renewable Energy | Solar Energy,euroclimatejobs
287462,Senior Reporting & Data Analyst,E.ON,"Essen or Munich, Germany",Posted 27 days ago,"19 May 2026 - The Future of Europe’s Energy: EU Strategy, Policy and Key Challenges",https://www.euroclimatejobs.com/job_display/287462/Senior_Reporting_Data_Analyst_EON_Essen_or_Munich_Germany,Climate and Energy Analyst | Hybrid,euroclimatejobs
287434,Business Analyst - Energy,Capco,"Brussels, Belgium",Posted 27 days ago,We are looking for a Business Analyst with experience in Energy to join our team.,https://www.euroclimatejobs.com/job_display/287434/Business_Analyst_Energy_Capco_Brussels_Belgium,Business and Finance | Climate and Energy Analyst | Hybrid,euroclimatejobs
287368,Energy Consultant - Business Analyst,Capco,"Brussels, Belgium",Posted 28 days ago,We are looking for a Business Analyst with experience in Energy to join our team.,https://www.euroclimatejobs.com/job_display/287368/Energy_Consultant_Business_Analyst_Capco_Brussels_Belgium,Business and Finance | Climate and Energy Analyst | Consultant | Hybrid,euroclimatejobs
287365,Project Manager - EV Charging Infrastructure (Central Europe),XPeng,"Munich, Germany",Posted 28 days ago,We are looking for a commercially minded Project Manager who can drive the deployment of EV charging infrastructure across central Europe region. This role goes beyond pure project execution. You will combine engeerning capabilities with commercial mindset to support our regional expansion.,https://www.euroclimatejobs.com/job_display/287365/Project_Manager_EV_Charging_Infrastructure_Central_Europe_XPeng_Munich_Germany,Energy Engineer | Project Manager | Sustainable Transport,euroclimatejobs
287238,Principal Energy Consultant - Energy Advisory,Jacobs,"London, United Kingdom",Posted 30 days ago,"The successful candidate will have a focus on energy management, efficiency and net-zero delivery. Experience of modern/ future energy systems in terms of their technical properties and economic and environmental impacts alongside existing technologies and systems including renewable and low carbon generation and storage technologies. We are seeking strong experience in public, industrial and commercial energy usage, energy savings, utility plant development and emission reductions to support our clients in developing decarbonisation strategies and business case assessment applying energy resources and demands.",https://www.euroclimatejobs.com/job_display/287238/Principal_Energy_Consultant_Energy_Advisory_Jacobs_London_United_Kingdom,Carbon Capture and Storage | Climate and Energy Analyst | Consultant | Environment,euroclimatejobs
287237,"Regional Asset Rotation Manager, Eastern Europe & Italy",Metlen Εnergy & Metals,"Milan, Italy",Posted 30 days ago,"Lead East Europe asset rotation for late‑stage to COD solar, BESS, and hybrid projects, owning the end‑to‑end process from pre‑sales to closing. The role is strongly execution‑driven, with a primary focus on SPA and transaction documentation/negotiation, seamless cross‑functional coordination, and on‑time, value‑maximizing closings.",https://www.euroclimatejobs.com/job_display/287237/Regional_Asset_Rotation_Manager_Eastern_Europe_Italy_Metlen_nergy_Metals_Milan_Italy,Business and Finance | Electricity | Renewable Energy | Solar Energy,euroclimatejobs
287229,Quantitative Risk Manager,Centrica Energy Trading,"Aalborg, Denmark",Posted 31 days ago,"As a Quantitative Risk Manager, you will be part of the TQR (Transaction and Quantitative Risk) team, which oversees Model Validation as well Quantitative Model Development for the whole Risk Function.",https://www.euroclimatejobs.com/job_display/287229/Quantitative_Risk_Manager_Centrica_Energy_Trading_Aalborg_Denmark,Business and Finance | Oil and Gas | Renewable Energy,euroclimatejobs
287222,Project Manager - Independent Power Engineering,RINA,"Genoa, Lecce or Rome, Italy",Posted 31 days ago,"The Project Manager is accountable for executing and leading projects, ensuring deliverables are completed within the defined deadlines, scope, and budget. The role involves balancing project demands with available resources and collaborating closely with clients and internal teams to achieve project success. #LI-AL2",https://www.euroclimatejobs.com/job_display/287222/Project_Manager_Independent_Power_Engineering_RINA_Genoa_Lecce_or_Rome_Italy,Energy Engineer | Project Manager | Renewable Energy,euroclimatejobs
287218,Head of Asset Rotation,Metlen Εnergy & Metals,"London, United Kingdom",Posted 31 days ago,"We are currently looking for a Head of Asset Rotation – West Europe to lead the West Europe regional Asset Rotation activities for solar, BESS and hybrid assets across the UK, Ireland, Spain, Portugal and Germany, focusing on projects in late stage or under COD.",https://www.euroclimatejobs.com/job_display/287218/Head_of_Asset_Rotation_Metlen_nergy_Metals_London_United_Kingdom,Business and Finance | Electricity | Renewable Energy | Solar Energy,euroclimatejobs
287162,Contracts and Settlements Analyst,EDF Group,"London, United Kingdom",Posted 34 days ago,"The role will primarily be to validate trades entered into by the company, ensuring trade confirmations are sent in a timely manner, matched where possible electronically and followed up regularly to ensure both compliance with the agreed departmental KPIs and most importantly the integrity of the company’s traded position and associated PnL.",https://www.euroclimatejobs.com/job_display/287162/Contracts_and_Settlements_Analyst_EDF_Group_London_United_Kingdom,Climate and Energy Analyst,euroclimatejobs
287160,"Senior Expert, Energy Solutions",Telelink Infra Services,Bulgaria,Posted 34 days ago,"The Senior Expert, Energy Solutions is responsible for the development, management, and implementation of advanced technological and infrastructure solutions in the fields of renewable energy, energy efficiency, and smart grids. This role ensures the successful execution of energy projects—on time, within budget, and in accordance with safety and quality standards. The position also involves leadership and coordination of Site Managers and technical teams to achieve optimal project delivery.",https://www.euroclimatejobs.com/job_display/287160/Senior_Expert_Energy_Solutions_Telelink_Infra_Services_Bulgaria,Energy Engineer | Renewable Energy | Solar Energy,euroclimatejobs
287155,Gas Originator,MET Group,"Düsseldorf, Germany",Posted 34 days ago,"Focus on initiating and leading negotiations with wholesale market participants like large industrials and resellers. We are seeking a proactive individual who excels at identifying client needs and providing effective solutions on the German gas market, including cross-commodity solutions for clients who operate power stations.",https://www.euroclimatejobs.com/job_display/287155/Gas_Originator_MET_Group_Dsseldorf_Germany,Business and Finance | Climate and Energy Analyst | Oil and Gas | Trader,euroclimatejobs
287040,Automation & Controls Engineer,Greenlyte Carbon Technologies,"Essen, Germany",Posted 36 days ago,"You’ll play a pivotal role in our Automation & Controls efforts, bringing your expertise to create reliable and scalable control systems that drive efficiency and innovation. Specifically you will...",https://www.euroclimatejobs.com/job_display/287040/Automation_Controls_Engineer_Greenlyte_Carbon_Technologies_Essen_Germany,Carbon Capture and Storage | Energy Engineer,euroclimatejobs
287032,Renewable Portfolio Manager,Engie,"Katowice, Poland",Posted 36 days ago,"The LT Asset Trading & Portfolio Management department is seeking a Renewable Portfolio Manager responsible for overseeing the wind and solar asset portfolio, both for owned assets and for third‑party developers. The Renewable Portfolio Manager ensures high‑quality portfolio performance through robust analytical capabilities, strategic planning, and effective risk management. The role focuses on long‑term value creation, portfolio optimization, and supporting the growth of the renewable asset base in line with the group’s strategic ambitions.",https://www.euroclimatejobs.com/job_display/287032/Renewable_Portfolio_Manager_Engie_Katowice_Poland,Business and Finance | Renewable Energy | Solar Energy | Wind Energy,euroclimatejobs
287030,Energy Project Manager,Engie,"Bucharest, Romania",Posted 36 days ago,"As an Energy Project Manager in our Energy team at Tractebel, you contribute to the development of large-scale energy projects, delivering innovative and efficient engineering solutions. Our team focuses on designing and optimizing energy infrastructure, ensuring reliability, sustainability, and technical excellence to support the transition to a cleaner and more resilient energy future.",https://www.euroclimatejobs.com/job_display/287030/Energy_Project_Manager_Engie_Bucharest_Romania,Energy Engineer | Project Manager | Renewable Energy,euroclimatejobs
286965,"Head Asset Engineering, Green Power",Alpiq Group,"Madrid, Milan, Paris, Olten or Lausanne, Multiple Countries",Posted 37 days ago,"You will own, with your team, the technical authority for renewables, hydrogen and other green energy production and transformation technologies. You will cover following geographies: Switzerland, Italy, France, Nordic countries, and new countries with assets under development.",https://www.euroclimatejobs.com/job_display/286965/Head_Asset_Engineering_Green_Power_Alpiq_Group_Madrid_Milan_Paris_Olten_or_Lausanne_Multiple_Countries,Energy Engineer | Project Manager | Renewable Energy | Wind Energy,euroclimatejobs
286961,Market Risk Manager - Middle Office,Alpiq Group,"Olten, Switzerland",Posted 37 days ago,"To strengthen our Middle Office department, we are looking for a Market Risk Manager with proven professional experience in the energy markets. This position reports directly to the Head of Middle Office Trading and requires initiative, analytical skills and the ability to collaborate across multiple stakeholders. The team of Middle Office Trading is responsible for providing accurate PnL and exposures reporting to the Merchant Trading unit. Additionally, this role will work closely with Alpiq’s Market and Quantitative Risk Management group to ensure compliance with all aspects of reporting standards.",https://www.euroclimatejobs.com/job_display/286961/Market_Risk_Manager_Middle_Office_Alpiq_Group_Olten_Switzerland,Climate and Energy Analyst | Oil and Gas,euroclimatejobs
286957,Principal Sustainability Engineer,CooperVision,"Southampton, United Kingdom",Posted 37 days ago,"This is a principal engineering position with full responsibility for the development and supply of “state of the art” solutions, working globally alongside project teams and functional business units to deliver sustainable, economically viable and compliant solutions. The role is also responsible for educating the business on its environmental footprint and improvements therein.",https://www.euroclimatejobs.com/job_display/286957/Principal_Sustainability_Engineer_CooperVision_Southampton_United_Kingdom,Energy Engineer | Environment,euroclimatejobs
286931,Technical Sales Engineer - Upgrade Sales,Nordex,"Hamburg, Germany",Posted 38 days ago,"As a Technical Sales Engineer for Upgrade Sales, you contribute to the growth of Nordex’s Aftersales business by developing technical upgrade solutions in close collaboration with global markets and Service functions. You act as a cross‑functional interface and support customers and internal teams with clear technical and commercial guidance.",https://www.euroclimatejobs.com/job_display/286931/Technical_Sales_Engineer_Upgrade_Sales_Nordex_Hamburg_Germany,Energy Engineer | Sales and Marketing,euroclimatejobs
286906,Project Manager Region Central Europe,ANDRITZ,"Raaba-Grambach, Austria",Posted 38 days ago,"Every day, ANDRITZ continues to deliver successful innovative solutions to our customers globally. Why are we so successful? Because we are passionate and love what we do! We are at the forefront of future engineering technologies, with solutions that ensure the success of our clients in key industries that are shaping the future of the world we live in.",https://www.euroclimatejobs.com/job_display/286906/Project_Manager_Region_Central_Europe_ANDRITZ_Raaba_Grambach_Austria,Carbon Capture and Storage | Energy Engineer | Hybrid | Project Manager,euroclimatejobs
286896,Fund Manager,Aquila Capital,"Luxembourg or Hamburg, Multiple Countries",Posted 38 days ago,"As a Fund Manager, you will act as the key person for investors and assume overall responsibility for the growth and performance of a clean energy investment funds/ mandates.",https://www.euroclimatejobs.com/job_display/286896/Fund_Manager_Aquila_Capital_Luxembourg_or_Hamburg_Multiple_Countries,Business and Finance | Renewable Energy,euroclimatejobs
286870,Process Engineer (Refining),EP2C Energy,"Villeurbanne, France",2 days left Posted 41 days ago,"Definition studies for refining units, including P&IDs, equipment specifications, and instrumentation specifications.",https://www.euroclimatejobs.com/job_display/286870/Process_Engineer_Refining_EP2C_Energy_Villeurbanne_France,Energy Engineer,euroclimatejobs
286863,Short Term Power Optimizer,Engie,"Rome, Italy",2 days left Posted 41 days ago,"Short Term Power Optimizer candidate will be part of Assets Optimization and Trading (AOT, one of the local department of Global Energy Management Italy –GEM Italy– ). His/her activity will be learning how to create value around GEM Italian assets.",https://www.euroclimatejobs.com/job_display/286863/Short_Term_Power_Optimizer_Engie_Rome_Italy,Climate and Energy Analyst | Electricity,euroclimatejobs
286792,Wastewater Treatment Senior Project Manager,Axens,"Rueil-Malmaison or Hertogenbosch, Multiple Countries",1 day left Posted 42 days ago,"You will be involved into international projects for the company HydroThane in The Netherlands, part of the Water Treatment Group of Axens and your main activities will be:",https://www.euroclimatejobs.com/job_display/286792/Wastewater_Treatment_Senior_Project_Manager_Axens_Rueil_Malmaison_or_Hertogenbosch_Multiple_Countries,BioEnergy and BioFuel | Energy Engineer | Environment | Project Manager,euroclimatejobs
286721,BESS Project Engineer,Alpiq Group,"Olten, Switzerland",Expiring today Posted 43 days ago,"At Alpiq, we are expanding our utilityscale BESS portfolio and are looking for a motivated BESS Project Engineer to help shape the future of our storage projects. In this role, you’ll take the lead on technical due diligence and design reviews, ensuring our BESS construction projects are robust, compliant, and built for longterm performance. You’ll work closely with crossfunctional teams and external experts, making a real impact on strategic investment decisions and successful project delivery.",https://www.euroclimatejobs.com/job_display/286721/BESS_Project_Engineer_Alpiq_Group_Olten_Switzerland,Electricity | Energy Engineer | Renewable Energy,euroclimatejobs
286400,Project Engineering Manager,Wood Group,"Reading, United Kingdom","Posted 50 days ago
                
                                      
                    Deadline 27 March","As a Project Engineering Manager, you will lead and oversee a diverse team to support engineering and design delivery. Reporting to the Project Manager, you will ensure successful project execution, foster innovation, and maintain high-quality standards. Your responsibilities include managing discipline resources, budgets, and providing technical expertise while facilitating effective communication and project delivery.",https://www.euroclimatejobs.com/job_display/286400/Project_Engineering_Manager_Wood_Group_Reading_United_Kingdom,Energy Engineer | Project Manager,euroclimatejobs
